key,val,node
2,282,39227
73,20,29663
24,31,25614
5,110,25584
5,3,25362
4,102,25306
22,5,24428
4,25,24232
33,53,23481
48,29,23398
4,23,22484
5,41,22308
24,61,22085
2,233,21290
2,61,21254
24,33,21041
2,196,20617
3,154,20591
2,259,20364
2,187,19813
5,106,19517
33,35,19301
2,85,18995
7,169,18921
4,12,18892
74,31,18617
24,58,18525
2,102,18514
5,12,18022
6,99,17873
24,62,17586
4,34,17457
4,77,17455
47,4,17085
5,89,17078
2,231,16932
6,93,16839
7,155,16808
10,24,16646
60,1,16451
9,69,16378
3,7,16344
4,11,16321
46,15,16214
2,249,16160
5,6,16070
33,50,15967
5,2,15946
13,16,15858
3,195,15754
5,5,15726
4,176,15540
2,253,15538
57,20,15500
6,144,15258
6,141,14991
7,160,14918
4,94,14911
2,213,14896
7,157,14854
7,146,14847
28,15,14750
4,24,14678
59,2,14586
7,38,14547
4,43,14517
35,12,14380
18,17,14296
47,15,14162
65,6,14158
60,10,14148
2,177,14010
2,217,13969
7,150,13954
14,22,13924
23,14,13920
6,70,13914
2,235,13834
57,27,13713
2,255,13685
6,158,13571
5,95,13564
3,152,13511
33,37,13499
34,31,13492
6,91,13489
24,35,13447
48,25,13393
4,127,13345
24,55,13293
7,54,13273
13,17,13272
46,20,13269
38,24,13256
35,40,13252
33,19,13249
40,67,13207
3,81,13160
6,148,13139
5,64,13082
2,164,13078
2,221,13063
4,19,13009
2,246,13007
49,12,12919
2,229,12910
4,92,12892
2,286,12855
6,68,12839
2,258,12836
4,153,12829
9,120,12774
3,112,12740
9,40,12732
2,232,12699
2,26,12676
60,4,12657
66,8,12629
10,61,12578
42,45,12532
18,19,12529
2,267,12514
47,20,12511
5,44,12479
2,185,12470
9,118,12413
57,21,12380
7,176,12351
7,53,12319
58,22,12314
5,32,12260
3,119,12255
65,1,12255
3,103,12215
12,21,12145
9,36,12101
43,32,12091
6,128,12083
10,15,12071
41,50,12047
30,9,12034
2,266,12002
20,40,11959
4,6,11925
10,71,11911
2,178,11903
2,237,11893
39,7,11888
7,57,11866
2,150,11848
3,156,11817
8,72,11754
35,37,11732
6,151,11709
6,146,11709
4,171,11694
3,159,11678
7,74,11591
3,49,11534
35,18,11533
39,71,11532
29,40,11526
7,137,11525
39,38,11524
9,94,11517
34,3,11504
4,89,11490
6,94,11442
2,283,11428
2,198,11423
2,191,11389
34,33,11334
9,74,11299
5,48,11292
27,40,11292
48,15,11286
13,31,11272
7,37,11256
2,228,11244
16,92,11212
5,33,11206
2,145,11180
3,36,11117
3,187,11109
7,143,11077
18,86,11077
65,11,11055
47,38,11016
14,10,11013
2,275,10993
48,11,10987
3,118,10967
66,10,10930
12,100,10904
39,6,10880
16,14,10860
9,5,10846
7,73,10833
18,82,10833
4,140,10813
60,12,10795
40,7,10788
12,65,10787
2,265,10773
2,25,10767
22,72,10758
57,10,10733
9,25,10723
39,23,10706
22,40,10702
9,24,10684
24,63,10665
18,22,10637
13,4,10637
66,3,10611
10,3,10569
33,51,10568
4,113,10560
12,76,10560
7,43,10550
18,49,10543
9,80,10534
5,116,10502
18,29,10495
7,85,10464
2,83,10461
9,111,10459
2,264,10420
53,32,10409
2,257,10346
57,4,10311
2,60,10300
4,46,10295
5,18,10294
18,31,10275
9,3,10248
7,163,10243
6,145,10240
3,179,10216
10,22,10215
3,135,10205
4,119,10180
2,143,10178
2,54,10176
4,97,10174
6,152,10164
49,9,10154
12,80,10152
2,184,10134
46,21,10118
24,40,10080
8,26,10071
57,13,10068
11,3,10065
9,100,10060
3,55,10057
65,2,10035
5,14,10020
22,73,10019
59,11,9998
5,107,9994
5,31,9990
7,172,9987
4,128,9949
18,21,9928
2,273,9919
13,2,9912
12,31,9894
22,2,9886
2,214,9885
64,9,9874
2,144,9869
4,135,9866
39,21,9860
2,90,9857
58,11,9845
3,180,9825
43,13,9818
2,234,9796
21,87,9788
7,189,9770
12,109,9733
2,74,9651
40,28,9645
6,164,9639
4,100,9636
24,21,9636
31,34,9635
2,222,9624
14,32,9607
3,186,9582
57,14,9581
7,156,9579
6,124,9579
40,21,9576
5,57,9561
2,126,9558
2,113,9527
35,32,9520
4,95,9520
11,7,9513
7,187,9506
6,65,9492
11,27,9474
7,89,9472
5,60,9462
29,25,9457
11,57,9457
4,18,9443
24,27,9443
6,150,9442
48,6,9438
16,36,9433
6,31,9412
34,14,9389
2,173,9388
62,10,9386
24,26,9382
34,42,9365
14,37,9352
30,48,9347
59,7,9347
4,91,9346
18,28,9325
30,28,9315
10,23,9302
5,13,9293
46,4,9292
23,27,9279
9,61,9277
2,87,9274
2,165,9236
2,243,9227
11,61,9225
7,69,9215
2,251,9215
58,7,9213
4,136,9208
2,260,9208
8,41,9187
6,19,9182
2,114,9182
3,191,9173
2,93,9172
9,38,9164
3,153,9145
5,119,9131
22,36,9112
48,16,9095
16,116,9089
42,22,9074
7,86,9062
18,77,9059
4,75,9051
9,83,9041
4,114,9035
9,99,9030
40,82,9025
35,11,9014
28,19,9010
2,200,9004
14,44,9003
2,105,8996
34,43,8993
6,46,8983
6,71,8981
8,19,8971
49,11,8969
4,83,8965
7,71,8963
5,17,8962
29,41,8926
45,23,8925
65,4,8924
4,131,8917
18,18,8901
31,20,8872
58,3,8862
5,82,8839
5,54,8832
4,21,8824
14,6,8821
2,272,8818
8,60,8815
6,35,8814
6,165,8812
24,43,8798
30,46,8796
16,94,8789
4,3,8783
39,45,8776
13,3,8767
58,9,8766
6,6,8756
18,57,8741
20,97,8729
6,112,8706
6,119,8706
2,58,8702
16,115,8701
39,42,8700
13,33,8687
3,15,8686
10,27,8680
3,117,8660
4,64,8657
7,188,8656
5,77,8640
5,49,8632
22,18,8614
58,8,8614
34,12,8602
27,44,8600
20,71,8600
3,26,8599
19,58,8591
6,114,8579
39,8,8575
4,90,8574
6,130,8574
14,21,8570
13,11,8567
8,48,8554
49,3,8549
2,245,8549
4,57,8541
3,110,8539
9,70,8538
42,48,8534
61,14,8521
11,101,8521
23,33,8520
4,36,8512
3,37,8504
14,9,8503
4,101,8494
21,36,8493
20,86,8492
6,143,8460
4,59,8459
38,22,8457
47,12,8450
2,219,8449
9,107,8445
16,69,8437
11,31,8433
10,73,8414
32,4,8411
57,16,8406
37,102,8405
16,30,8400
24,11,8386
33,10,8383
7,22,8371
59,10,8364
46,17,8361
2,197,8357
4,129,8355
10,90,8345
30,54,8337
2,76,8331
3,183,8327
48,17,8326
29,17,8324
6,157,8304
18,45,8303
38,26,8298
7,33,8298
39,68,8290
62,5,8290
3,27,8286
4,157,8275
6,92,8271
21,24,8265
9,72,8246
33,7,8246
35,27,8244
18,51,8199
4,1,8191
2,236,8190
42,23,8187
11,18,8186
49,2,8182
2,84,8178
48,27,8178
4,150,8167
16,112,8163
5,52,8155
41,47,8143
3,64,8135
8,70,8125
8,42,8093
2,240,8091
66,11,8088
27,19,8070
8,65,8062
7,171,8058
4,173,8050
22,78,8048
12,43,8040
5,68,8033
4,154,8033
16,80,8026
3,13,8019
4,60,8003
35,43,8001
6,44,8001
40,34,7981
98,8,7981
41,39,7977
58,4,7975
9,28,7972
61,12,7963
3,181,7954
31,33,7949
6,138,7946
22,15,7941
5,42,7935
13,6,7935
4,78,7931
59,21,7931
22,65,7918
2,284,7917
3,28,7915
8,12,7907
9,34,7903
4,81,7892
18,56,7890
5,23,7888
35,44,7876
2,63,7868
2,203,7863
6,14,7856
10,102,7850
57,12,7841
7,129,7821
7,142,7821
10,31,7819
30,40,7819
18,50,7819
16,33,7810
2,17,7810
6,73,7810
5,51,7810
17,57,7786
9,29,7782
8,29,7769
26,227,7768
6,60,7746
4,74,7743
42,14,7742
4,20,7738
4,48,7737
3,167,7728
17,88,7728
16,61,7722
31,32,7719
4,32,7711
42,15,7705
12,23,7703
4,103,7700
6,133,7698
28,79,7696
7,158,7695
24,60,7693
71,7,7691
39,9,7688
60,9,7687
10,21,7683
4,76,7670
10,68,7668
8,66,7664
48,5,7664
7,152,7658
4,141,7658
17,7,7652
10,54,7649
10,12,7646
28,32,7644
31,10,7642
59,8,7641
36,11,7640
22,30,7634
12,101,7633
12,36,7618
28,77,7618
34,22,7617
17,15,7604
45,35,7601
39,73,7598
6,52,7595
39,20,7594
39,3,7581
57,28,7578
3,14,7573
55,33,7569
30,25,7565
39,5,7563
21,97,7562
16,81,7561
7,58,7551
3,176,7541
33,49,7540
3,77,7539
24,59,7535
33,6,7533
40,78,7532
32,20,7525
11,88,7523
24,22,7515
20,72,7509
66,4,7506
29,33,7502
2,71,7500
2,22,7491
16,35,7465
13,35,7459
6,59,7459
5,117,7452
60,11,7452
7,40,7449
9,91,7448
42,5,7444
18,63,7440
64,6,7436
17,12,7433
11,108,7430
7,164,7428
47,16,7427
6,54,7414
2,20,7410
40,5,7409
20,96,7409
17,69,7409
12,68,7405
25,2,7403
16,27,7401
2,189,7401
17,51,7398
11,102,7396
13,5,7396
7,127,7389
41,16,7387
7,145,7386
28,25,7385
14,23,7384
3,20,7382
3,21,7380
39,49,7377
17,21,7374
2,271,7373
17,73,7365
40,47,7360
7,161,7356
10,4,7353
41,30,7350
2,118,7343
4,66,7340
12,41,7338
8,36,7338
8,7,7336
12,37,7331
40,35,7331
17,99,7327
36,23,7325
5,7,7322
12,67,7314
58,12,7313
41,15,7300
62,9,7288
13,30,7287
57,29,7283
2,35,7281
28,29,7280
58,13,7280
46,8,7277
3,140,7276
11,5,7275
11,44,7268
9,13,7264
4,116,7262
5,19,7259
11,63,7256
10,39,7252
4,155,7246
2,256,7241
14,5,7227
6,136,7225
9,42,7219
3,106,7218
23,24,7215
10,60,7210
16,71,7193
40,56,7189
7,205,7184
45,17,7180
5,45,7178
28,46,7177
35,39,7176
33,32,7171
10,11,7171
34,46,7169
45,12,7167
39,10,7167
18,71,7166
23,91,7165
46,34,7156
2,140,7153
4,51,7147
2,59,7145
28,18,7144
2,120,7144
3,144,7142
6,125,7131
5,94,7122
31,6,7113
3,161,7111
2,212,7109
48,20,7102
42,13,7096
64,14,7094
10,101,7093
9,101,7087
7,27,7084
12,32,7080
4,56,7080
9,16,7071
6,25,7067
9,117,7066
22,11,7064
23,44,7059
5,91,7058
6,1,7057
18,74,7055
31,16,7054
4,9,7053
46,24,7051
65,12,7045
12,42,7043
59,18,7034
6,140,7031
3,145,7023
9,39,7022
9,127,7010
11,84,7002
28,23,7002
28,57,6996
5,73,6996
33,5,6995
20,81,6992
47,3,6992
7,179,6991
11,94,6988
23,71,6987
30,33,6985
9,23,6983
8,2,6981
10,66,6975
48,12,6968
7,32,6968
2,194,6963
63,6,6962
12,46,6958
11,64,6955
5,75,6954
46,29,6954
2,220,6951
28,27,6946
24,23,6939
33,13,6938
49,14,6935
2,79,6934
10,5,6934
7,95,6921
8,54,6915
33,26,6911
12,51,6910
18,96,6910
7,154,6909
16,106,6905
6,63,6905
27,60,6904
7,148,6898
7,165,6898
25,3,6898
5,105,6886
7,88,6886
47,18,6884
40,64,6881
61,5,6879
14,18,6879
61,6,6879
2,55,6878
34,9,6876
5,93,6874
2,167,6873
5,27,6867
9,47,6860
25,59,6859
17,60,6853
42,42,6847
20,94,6836
63,7,6823
52,21,6811
2,230,6801
10,18,6799
2,125,6796
3,44,6787
28,63,6787
7,167,6786
33,33,6785
30,56,6785
20,39,6777
42,7,6776
5,4,6775
41,40,6767
21,3,6763
41,44,6759
16,90,6758
11,116,6757
9,4,6750
29,20,6747
62,8,6745
33,36,6741
14,27,6733
22,25,6729
7,185,6729
4,13,6726
9,102,6722
7,51,6722
17,93,6715
22,23,6715
35,1,6714
14,26,6713
62,11,6713
39,53,6712
12,38,6711
67,3,6708
9,90,6706
6,137,6697
25,18,6697
63,4,6696
2,279,6695
33,73,6694
8,43,6692
24,2,6691
17,62,6682
17,110,6676
66,5,6675
2,67,6671
10,93,6670
7,75,6667
5,80,6651
3,198,6650
46,26,6649
39,69,6646
66,12,6643
5,72,6641
2,36,6638
41,22,6626
10,88,6625
35,13,6623
38,27,6620
17,47,6619
6,81,6612
6,39,6608
11,17,6608
23,110,6603
17,59,6599
16,26,6598
14,13,6598
6,122,6597
59,9,6595
3,75,6592
39,47,6590
10,107,6585
30,50,6584
5,36,6581
7,26,6581
6,153,6576
25,19,6570
9,109,6569
16,76,6563
8,67,6560
6,30,6558
5,46,6551
2,199,6551
14,17,6546
28,76,6541
4,162,6537
5,8,6535
4,37,6533
34,16,6532
42,16,6529
9,67,6528
8,11,6524
35,9,6523
6,80,6519
3,79,6519
22,19,6517
5,70,6517
2,210,6513
30,19,6511
19,75,6505
42,37,6504
8,37,6494
5,16,6494
7,162,6490
12,107,6486
35,3,6477
38,44,6476
11,78,6474
5,97,6472
9,30,6470
3,185,6468
58,2,6466
5,101,6465
13,18,6465
16,67,6463
46,12,6462
3,30,6462
6,34,6458
24,19,6457
28,9,6456
29,58,6454
19,73,6450
46,28,6449
2,225,6447
27,12,6442
2,216,6441
3,73,6439
22,31,6438
3,129,6438
24,14,6437
2,57,6436
28,16,6433
8,50,6427
46,10,6427
3,19,6421
13,14,6418
2,49,6416
31,11,6410
35,45,6396
2,133,6395
2,215,6394
28,7,6392
3,160,6392
8,30,6392
49,13,6379
16,86,6370
3,91,6369
78,40,6363
3,134,6359
6,113,6357
17,67,6356
9,93,6356
17,64,6353
10,52,6352
22,52,6347
25,10,6346
39,15,6345
17,70,6344
48,14,6339
39,29,6327
4,93,6321
2,80,6319
2,180,6316
5,15,6315
6,116,6315
4,29,6314
33,60,6312
9,79,6310
4,122,6299
8,44,6294
9,122,6294
64,7,6290
48,2,6289
46,33,6288
30,22,6287
7,123,6287
11,13,6282
3,155,6280
22,46,6276
3,47,6271
7,96,6271
17,37,6262
6,12,6261
2,101,6260
10,28,6258
42,24,6257
46,3,6256
12,56,6255
11,52,6251
36,47,6248
16,75,6248
71,4,6242
29,29,6242
40,11,6241
16,45,6240
7,141,6237
3,23,6237
11,38,6222
27,62,6216
35,36,6214
57,25,6208
2,109,6207
2,124,6206
9,71,6205
2,33,6200
5,40,6199
39,46,6197
7,92,6185
4,44,6184
29,10,6181
41,23,6180
3,174,6178
3,35,6175
19,23,6172
6,108,6170
4,15,6164
48,18,6164
28,38,6162
11,123,6150
2,30,6148
2,174,6144
32,14,6139
9,92,6134
7,12,6132
28,48,6132
5,67,6125
2,248,6119
53,26,6117
33,9,6108
5,21,6106
7,195,6106
10,45,6102
4,40,6098
45,10,6098
24,30,6088
2,166,6083
60,13,6083
26,49,6080
20,63,6078
8,73,6075
42,52,6075
6,78,6067
34,32,6065
25,20,6059
2,247,6059
9,35,6055
3,193,6055
42,18,6053
9,64,6048
21,47,6044
3,199,6044
2,285,6041
67,8,6031
41,25,6023
27,25,6022
39,67,6021
28,73,6020
12,6,6012
22,54,6012
7,64,6010
26,189,6010
1,7,6010
3,99,6005
28,50,6003
9,81,6002
4,108,5997
22,55,5993
4,137,5992
9,124,5990
40,61,5990
9,123,5981
36,81,5980
3,164,5979
2,19,5977
11,12,5977
14,11,5975
6,50,5974
10,83,5974
64,17,5972
5,83,5972
31,15,5966
2,27,5965
39,16,5963
7,19,5963
17,33,5962
12,29,5954
2,261,5953
16,119,5951
11,93,5946
66,1,5942
17,55,5941
3,170,5939
7,44,5935
3,105,5934
12,110,5927
29,12,5926
17,44,5921
21,30,5919
40,26,5918
18,55,5916
31,18,5915
3,120,5915
3,133,5914
42,21,5914
71,28,5911
46,35,5911
18,15,5908
10,2,5908
3,147,5907
41,37,5905
14,42,5903
31,7,5899
40,46,5895
33,58,5893
46,11,5890
45,5,5890
9,60,5888
2,64,5876
66,6,5874
2,51,5873
3,97,5870
9,26,5869
24,45,5866
31,13,5863
30,58,5859
8,16,5849
40,40,5849
28,4,5845
11,65,5841
10,20,5841
30,8,5840
16,85,5835
5,11,5834
58,14,5834
33,55,5833
42,20,5832
29,55,5832
6,56,5824
40,75,5823
9,7,5822
17,23,5813
6,40,5812
43,63,5811
3,31,5810
17,98,5810
11,114,5806
30,30,5806
10,104,5801
24,16,5797
28,55,5795
7,20,5790
17,100,5784
8,45,5779
41,26,5778
8,49,5774
30,24,5767
7,203,5765
25,53,5762
12,10,5753
48,10,5745
34,19,5743
34,23,5742
12,66,5735
2,175,5734
17,111,5732
21,90,5730
7,39,5728
34,37,5725
12,40,5719
3,41,5717
35,7,5715
30,41,5712
11,49,5711
9,8,5710
41,51,5710
24,37,5708
39,55,5706
4,84,5704
8,31,5702
47,10,5694
58,5,5693
27,88,5691
76,21,5690
30,20,5688
2,239,5685
34,45,5681
32,22,5677
8,38,5676
9,59,5670
4,104,5668
9,98,5660
45,32,5659
3,93,5658
2,62,5658
11,103,5657
71,23,5656
20,130,5652
17,97,5650
18,58,5650
9,45,5649
10,37,5647
7,101,5645
3,78,5645
9,95,5645
25,68,5643
63,5,5639
2,142,5638
33,25,5636
6,2,5632
48,26,5627
22,53,5625
24,4,5624
16,12,5624
40,37,5623
13,25,5623
41,12,5623
24,29,5619
17,75,5617
14,1,5613
3,11,5613
4,88,5605
25,37,5605
35,8,5604
27,28,5604
30,42,5596
31,29,5594
4,144,5594
2,50,5594
43,23,5594
41,9,5593
25,32,5591
11,76,5590
10,74,5586
3,40,5585
12,85,5584
4,58,5583
17,107,5583
57,19,5582
40,22,5579
28,35,5579
20,134,5576
17,101,5576
22,60,5574
40,29,5570
45,19,5566
13,32,5565
12,30,5561
4,139,5559
33,4,5552
12,19,5549
14,19,5545
28,72,5544
13,36,5541
31,19,5540
14,45,5539
4,146,5536
42,33,5534
2,89,5534
11,10,5533
7,175,5531
4,7,5529
57,11,5524
24,54,5524
28,78,5521
12,111,5517
10,36,5517
3,61,5511
3,137,5505
31,31,5504
16,13,5503
21,44,5498
27,63,5496
16,91,5492
7,23,5489
7,59,5485
9,6,5485
30,29,5483
18,79,5481
2,262,5481
4,110,5481
16,110,5477
33,59,5477
33,30,5475
2,280,5475
17,46,5474
30,16,5466
12,90,5465
33,72,5464
29,46,5464
16,11,5462
21,40,5461
34,8,5460
19,8,5458
9,96,5456
22,63,5456
12,88,5451
25,4,5450
3,136,5449
85,10,5444
4,63,5442
41,29,5439
3,143,5436
41,45,5436
11,110,5436
6,61,5435
6,100,5429
24,39,5429
11,92,5428
10,94,5426
6,139,5425
7,103,5423
2,29,5422
35,28,5420
2,91,5415
5,96,5415
19,59,5409
45,31,5408
2,270,5402
18,14,5398
57,9,5398
22,17,5397
5,100,5397
30,57,5390
10,49,5389
9,37,5389
6,22,5385
2,263,5381
32,3,5381
25,27,5381
41,14,5381
4,115,5381
49,7,5376
36,80,5376
16,28,5373
2,158,5372
2,7,5371
14,25,5371
2,149,5369
8,52,5367
42,11,5366
21,78,5366
24,34,5359
27,84,5358
8,17,5358
14,7,5350
13,22,5344
39,74,5343
10,6,5341
20,77,5340
5,1,5339
11,20,5338
35,10,5338
43,71,5336
20,61,5332
7,201,5330
3,85,5329
40,15,5329
6,120,5329
62,4,5329
2,92,5327
30,23,5326
17,102,5325
40,18,5317
23,41,5317
40,9,5316
9,52,5315
59,14,5311
40,10,5311
24,41,5310
62,2,5309
35,5,5309
6,38,5309
30,39,5308
29,61,5308
33,12,5305
11,113,5304
3,188,5299
17,4,5298
29,14,5297
28,71,5297
5,114,5296
7,63,5296
47,19,5294
65,7,5292
10,98,5290
45,13,5289
43,17,5289
3,101,5282
4,170,5279
29,53,5279
2,254,5274
21,28,5273
11,47,5269
9,41,5266
28,40,5262
3,29,5256
20,22,5255
7,131,5247
2,223,5242
21,84,5242
28,82,5240
42,49,5239
24,12,5238
5,20,5237
4,47,5229
3,4,5227
46,7,5223
42,29,5220
27,87,5216
29,36,5215
5,66,5211
2,96,5211
6,21,5208
25,41,5206
10,7,5205
18,87,5200
9,86,5198
22,14,5195
11,120,5193
9,89,5191
13,8,5190
7,30,5190
6,74,5186
8,53,5185
32,15,5180
7,136,5178
30,21,5178
7,100,5177
28,45,5176
31,24,5174
2,41,5171
6,42,5171
18,26,5171
19,76,5169
3,172,5167
16,31,5166
28,5,5164
21,89,5160
8,75,5153
30,38,5150
6,47,5148
3,80,5148
2,250,5145
14,3,5143
7,149,5142
29,45,5141
12,15,5140
23,28,5140
14,36,5132
27,64,5132
4,16,5131
9,113,5130
2,16,5129
3,83,5127
4,42,5127
20,123,5126
60,8,5125
85,11,5125
8,27,5125
47,29,5122
9,48,5118
19,26,5117
4,54,5115
22,58,5111
9,105,5110
17,76,5110
12,17,5109
11,37,5102
35,25,5101
39,32,5101
28,83,5100
9,19,5098
17,40,5098
12,79,5098
29,52,5097
2,86,5094
16,70,5091
42,36,5090
24,28,5085
3,72,5085
18,24,5084
64,4,5080
2,72,5073
2,28,5072
30,27,5071
23,64,5070
41,11,5066
2,73,5065
7,47,5058
17,28,5057
6,97,5056
10,19,5051
40,8,5043
18,37,5041
57,18,5039
8,25,5039
7,93,5038
12,77,5038
6,154,5034
17,24,5028
7,144,5024
11,91,5022
16,124,5019
18,33,5018
40,60,5016
4,65,5013
9,65,5012
33,16,5006
27,46,5004
33,39,5004
29,68,5004
63,9,5002
27,7,4999
4,124,4998
2,121,4992
8,74,4992
14,48,4985
58,10,4984
20,53,4984
6,77,4983
3,50,4982
4,71,4982
4,142,4982
6,51,4980
19,90,4979
25,29,4975
28,68,4972
42,44,4970
39,24,4965
6,20,4962
9,66,4962
3,151,4961
22,35,4961
4,175,4961
33,29,4960
7,9,4958
41,6,4958
22,9,4957
8,9,4955
5,69,4953
43,51,4952
21,5,4951
3,125,4947
57,8,4947
45,8,4946
28,59,4945
9,43,4945
27,41,4944
5,85,4943
11,56,4942
67,12,4942
43,19,4940
18,99,4937
58,19,4933
3,130,4933
6,95,4933
34,39,4932
24,53,4932
16,54,4930
3,74,4927
27,61,4924
41,17,4919
5,71,4918
28,44,4917
9,2,4914
2,14,4913
16,89,4911
10,13,4910
17,66,4907
42,27,4906
59,12,4906
61,11,4904
3,16,4903
2,218,4903
51,59,4902
12,70,4901
10,59,4898
11,81,4898
2,94,4893
9,50,4890
33,38,4889
4,27,4877
60,5,4877
19,16,4870
3,116,4867
35,29,4866
54,42,4866
8,35,4866
12,13,4866
22,44,4865
18,94,4863
23,76,4863
33,43,4862
18,16,4862
45,22,4859
7,126,4858
5,22,4857
22,29,4856
24,15,4856
20,47,4854
3,56,4853
5,108,4852
27,36,4852
5,103,4852
35,41,4849
3,165,4847
45,21,4846
47,32,4845
11,40,4844
3,45,4842
63,10,4842
6,27,4837
69,7,4836
2,122,4834
2,47,4834
11,46,4832
31,12,4832
4,73,4828
11,58,4828
3,24,4824
7,94,4820
39,27,4813
50,22,4812
10,106,4812
2,269,4810
9,112,4805
57,26,4804
7,130,4801
40,58,4800
7,151,4797
68,44,4796
27,82,4794
29,16,4793
10,64,4792
6,57,4792
19,17,4791
16,77,4791
41,21,4789
4,33,4788
51,14,4786
29,27,4785
34,1,4783
4,35,4782
29,48,4780
3,149,4776
3,175,4776
10,70,4772
28,39,4768
2,176,4768
10,108,4767
7,17,4765
16,48,4764
6,53,4763
11,87,4759
25,65,4758
28,58,4758
4,82,4758
39,41,4757
34,13,4754
22,70,4751
22,37,4749
49,5,4747
25,6,4745
19,39,4745
10,14,4744
27,92,4743
2,68,4743
16,113,4742
16,66,4742
42,26,4741
21,56,4738
3,90,4738
16,84,4734
39,22,4731
29,47,4730
5,90,4729
17,1,4729
40,57,4728
34,2,4728
25,21,4727
66,7,4726
7,90,4724
67,27,4723
11,85,4722
2,128,4722
45,25,4719
7,128,4719
65,3,4716
5,29,4716
7,24,4713
10,9,4713
65,8,4711
14,24,4710
8,24,4707
7,153,4701
20,73,4701
25,42,4701
27,18,4699
16,125,4698
7,48,4698
15,65,4697
67,9,4692
21,77,4692
9,18,4691
17,58,4689
3,168,4688
43,33,4683
28,24,4678
24,36,4677
7,133,4676
22,48,4671
10,34,4669
25,9,4669
33,23,4669
17,48,4669
27,16,4668
17,9,4667
11,28,4665
8,68,4663
40,85,4658
17,80,4654
27,10,4652
33,27,4652
3,157,4651
53,28,4650
42,6,4649
20,108,4647
30,47,4647
24,50,4643
22,41,4643
53,23,4642
23,77,4642
12,62,4641
17,45,4640
19,35,4637
10,46,4635
9,31,4635
3,177,4635
31,25,4634
32,27,4632
7,49,4631
18,90,4631
2,104,4629
17,26,4625
4,172,4620
32,10,4619
18,35,4619
57,23,4618
32,30,4615
43,11,4615
2,48,4615
2,226,4615
28,86,4613
20,124,4612
11,54,4611
76,29,4610
73,19,4610
2,268,4608
7,79,4607
38,63,4607
3,146,4606
16,95,4603
3,114,4603
70,44,4602
33,14,4601
27,76,4601
2,224,4600
36,14,4599
14,38,4598
23,109,4596
10,17,4594
27,65,4592
28,47,4591
4,31,4590
34,50,4589
18,60,4586
50,38,4586
23,35,4586
10,38,4586
28,85,4585
46,16,4582
16,78,4582
21,74,4580
19,72,4580
33,71,4579
11,24,4578
2,208,4577
34,15,4576
12,64,4576
43,39,4575
4,152,4575
18,39,4575
25,63,4574
41,36,4571
18,76,4569
30,36,4566
38,8,4564
22,34,4564
41,13,4563
11,8,4557
51,44,4555
59,16,4555
20,113,4554
67,20,4552
27,37,4551
10,92,4550
43,48,4548
52,47,4547
40,66,4546
3,190,4546
2,116,4545
5,58,4543
57,24,4543
9,114,4535
2,106,4535
8,33,4531
10,50,4531
17,35,4530
22,22,4530
16,25,4527
23,72,4523
27,34,4523
9,44,4521
15,39,4520
5,112,4518
16,118,4516
27,45,4515
18,42,4514
5,92,4512
13,38,4512
7,168,4511
25,15,4508
42,10,4508
18,61,4508
3,192,4507
4,160,4506
41,27,4505
2,182,4504
61,7,4503
2,44,4503
45,30,4502
3,178,4499
7,200,4498
18,102,4498
29,63,4496
20,121,4495
2,183,4493
18,101,4490
35,38,4487
22,26,4486
67,15,4485
3,100,4483
43,66,4482
40,3,4477
18,47,4476
98,6,4476
16,41,4475
47,34,4475
9,63,4470
33,24,4470
20,76,4469
45,9,4468
10,16,4468
2,6,4468
13,40,4468
4,125,4465
8,1,4463
25,12,4463
35,14,4462
11,112,4462
28,60,4460
21,17,4460
4,17,4457
18,2,4456
47,26,4454
6,32,4451
43,85,4450
64,16,4450
18,48,4448
40,25,4447
14,34,4447
59,6,4443
36,15,4442
39,63,4441
41,43,4441
6,121,4441
12,24,4440
6,11,4439
13,15,4437
16,39,4430
21,35,4429
6,135,4428
54,37,4425
2,207,4424
7,28,4424
8,32,4419
28,36,4419
2,281,4419
18,32,4417
11,62,4412
3,194,4409
17,22,4406
2,10,4401
31,21,4401
25,73,4399
16,7,4398
34,7,4397
32,12,4396
2,136,4395
17,16,4393
2,171,4393
12,4,4392
39,25,4386
33,31,4383
5,9,4379
2,151,4378
38,28,4374
53,30,4372
27,91,4368
20,87,4365
39,60,4362
11,67,4361
43,65,4361
23,20,4357
14,52,4347
9,103,4347
4,8,4346
43,9,4346
10,78,4344
18,80,4343
2,193,4340
12,18,4339
6,159,4338
2,108,4338
19,46,4337
14,2,4335
43,35,4333
40,50,4330
6,156,4330
34,18,4330
29,8,4326
16,32,4324
5,53,4322
21,103,4321
36,36,4318
45,27,4317
33,57,4313
9,126,4312
29,49,4311
20,109,4309
39,17,4307
16,111,4302
17,31,4301
30,55,4301
16,52,4298
12,87,4291
4,143,4289
14,31,4286
2,206,4285
18,70,4285
2,146,4285
14,12,4284
63,1,4282
2,188,4282
45,18,4281
4,2,4280
4,107,4278
17,34,4278
46,18,4277
40,49,4276
40,74,4275
13,28,4273
31,27,4272
2,21,4272
4,38,4271
28,43,4270
8,57,4265
10,32,4265
12,49,4263
5,34,4261
16,126,4260
38,32,4260
69,18,4259
47,22,4258
7,87,4258
65,10,4257
58,1,4257
42,8,4256
6,84,4254
27,14,4254
17,42,4253
40,55,4253
8,46,4253
12,3,4252
16,93,4252
10,95,4251
2,148,4250
22,28,4250
39,59,4250
25,36,4248
26,158,4247
28,81,4246
71,25,4246
2,110,4244
7,56,4243
2,23,4242
24,1,4241
5,39,4240
89,23,4238
72,17,4237
3,8,4235
25,17,4235
21,19,4235
47,37,4232
13,23,4231
8,15,4230
2,277,4230
38,42,4228
4,161,4224
59,5,4217
29,65,4216
23,103,4215
2,155,4213
29,31,4212
6,43,4212
21,18,4211
41,52,4210
40,12,4208
7,72,4207
40,20,4207
22,45,4207
25,74,4207
19,37,4206
57,22,4206
22,39,4205
4,168,4204
6,24,4202
11,107,4200
57,7,4200
6,101,4199
16,8,4198
6,142,4197
14,8,4193
3,102,4193
48,24,4190
39,65,4190
5,118,4189
27,15,4188
2,24,4186
2,65,4185
17,71,4185
50,44,4184
2,168,4183
67,16,4183
12,26,4182
9,17,4180
34,21,4179
7,66,4178
7,13,4177
26,4,4177
9,58,4176
41,35,4176
24,64,4176
42,28,4175
20,126,4174
7,31,4174
12,102,4169
29,18,4168
21,105,4168
6,98,4165
4,112,4164
9,125,4164
6,33,4162
27,23,4162
21,82,4158
28,21,4158
7,177,4151
20,127,4150
45,29,4150
29,3,4147
63,8,4145
49,6,4144
37,11,4137
18,46,4136
9,68,4136
53,31,4135
20,10,4135
38,23,4135
36,78,4133
17,49,4128
43,83,4127
70,42,4127
5,74,4126
11,70,4125
2,130,4125
6,79,4124
10,99,4124
26,29,4123
54,7,4123
4,62,4121
8,56,4119
9,15,4118
10,26,4117
3,121,4116
2,69,4116
73,9,4115
2,117,4112
65,5,4110
21,81,4108
16,79,4107
6,58,4107
98,1,4107
39,56,4107
10,75,4105
28,61,4105
5,115,4105
16,68,4104
35,34,4104
8,58,4098
42,53,4098
9,108,4097
10,58,4097
10,87,4097
13,1,4096
7,36,4096
11,72,4096
33,28,4095
4,85,4095
3,10,4094
39,4,4094
11,32,4093
26,35,4093
4,30,4092
6,109,4090
29,37,4090
2,137,4089
14,14,4088
47,13,4087
28,80,4087
38,75,4087
17,56,4085
11,66,4083
71,24,4083
5,109,4082
5,35,4082
8,69,4081
7,77,4081
12,81,4080
10,67,4079
2,127,4079
20,131,4077
20,78,4076
29,7,4075
3,12,4073
2,186,4071
17,39,4071
39,26,4071
9,27,4068
60,7,4068
11,119,4067
5,78,4067
33,21,4066
11,48,4064
40,4,4063
64,5,4063
3,84,4062
29,51,4060
7,70,4060
6,48,4059
45,14,4059
32,5,4057
7,2,4052
45,24,4052
32,16,4051
2,129,4051
11,23,4048
6,111,4046
40,77,4046
11,50,4045
7,147,4040
25,70,4032
3,89,4032
24,5,4032
28,75,4030
59,15,4029
71,10,4029
12,48,4027
27,93,4022
9,54,4021
35,35,4020
16,98,4019
36,49,4019
12,25,4018
25,62,4017
21,13,4017
28,10,4017
7,134,4016
11,34,4014
7,194,4011
11,6,4011
46,31,4004
19,42,3999
21,52,3995
64,10,3995
25,67,3994
12,98,3993
6,110,3993
18,40,3993
43,67,3992
17,2,3992
13,42,3987
26,183,3986
15,85,3985
11,77,3983
2,205,3982
4,96,3982
3,69,3981
67,24,3981
45,28,3981
18,62,3980
25,72,3980
57,15,3979
25,45,3978
48,4,3978
10,89,3974
4,49,3973
2,170,3973
15,88,3971
51,28,3971
28,26,3970
24,32,3967
18,73,3966
39,75,3966
3,59,3966
2,159,3965
17,104,3963
62,6,3961
18,54,3960
7,35,3960
60,6,3960
5,26,3958
23,106,3956
3,94,3956
27,52,3954
24,8,3953
5,87,3952
9,104,3950
6,129,3948
35,24,3947
16,64,3945
56,47,3945
24,6,3943
2,190,3941
16,62,3941
34,51,3941
28,31,3941
45,16,3941
67,2,3937
16,105,3937
41,34,3936
25,30,3935
17,78,3935
21,49,3933
33,69,3931
59,3,3929
9,33,3929
61,9,3929
12,63,3929
34,34,3929
17,83,3926
18,110,3926
5,61,3925
25,40,3925
38,7,3924
29,39,3920
27,22,3919
38,76,3919
26,156,3918
17,89,3915
9,76,3915
17,52,3914
16,56,3914
17,91,3911
16,58,3909
4,105,3909
3,25,3908
8,47,3905
6,7,3905
45,26,3905
2,274,3905
26,5,3899
6,69,3898
4,133,3896
10,47,3893
3,111,3891
36,43,3887
28,20,3886
9,129,3882
41,53,3880
35,26,3880
72,23,3878
40,31,3877
11,39,3875
19,4,3875
3,17,3871
18,64,3870
49,18,3869
3,123,3867
6,75,3867
36,6,3866
4,149,3864
76,31,3863
3,184,3862
59,17,3860
28,34,3859
3,88,3859
2,162,3859
6,83,3857
23,79,3857
12,47,3856
6,87,3856
7,41,3855
33,34,3855
3,122,3854
49,15,3854
27,33,3853
8,34,3853
21,48,3853
59,24,3852
18,20,3851
3,68,3850
7,140,3847
10,30,3847
2,40,3846
6,126,3845
3,92,3842
6,17,3840
9,14,3839
39,51,3839
11,43,3839
33,17,3839
9,84,3838
33,61,3837
12,69,3835
9,115,3835
26,63,3834
17,103,3833
76,19,3830
43,61,3828
2,134,3827
11,21,3827
2,141,3827
22,27,3826
23,100,3825
76,28,3825
83,17,3823
39,44,3823
16,53,3819
18,109,3818
7,110,3818
21,39,3817
34,24,3816
6,10,3815
21,41,3815
5,104,3815
30,18,3813
24,48,3811
24,57,3811
27,42,3811
2,123,3809
32,9,3808
11,69,3804
2,111,3798
23,23,3797
6,131,3796
3,66,3795
34,38,3792
18,10,3790
46,22,3789
23,17,3789
28,13,3789
41,4,3789
64,3,3788
23,82,3788
40,43,3788
19,68,3787
12,84,3784
28,87,3783
36,67,3782
5,30,3779
40,68,3779
19,97,3776
27,5,3775
6,8,3775
30,7,3774
16,103,3774
17,5,3774
73,16,3771
7,3,3770
25,8,3768
68,33,3763
7,65,3763
27,81,3762
25,58,3762
36,54,3761
41,31,3758
4,10,3756
46,5,3756
30,53,3752
29,38,3750
2,115,3750
11,29,3749
23,105,3749
16,102,3748
23,63,3747
12,78,3747
50,4,3745
11,11,3745
12,9,3745
3,124,3745
40,13,3744
11,1,3744
47,2,3742
3,171,3742
5,81,3741
69,10,3740
13,13,3740
19,9,3739
5,62,3737
76,14,3736
22,47,3735
20,42,3734
5,28,3732
12,52,3731
8,63,3731
23,32,3730
16,101,3727
9,46,3727
10,51,3726
16,44,3723
18,106,3721
45,11,3719
13,43,3718
17,29,3718
35,4,3717
6,36,3715
4,69,3714
34,4,3713
58,17,3712
4,14,3708
5,24,3708
19,20,3707
29,44,3707
20,112,3706
4,50,3704
18,4,3703
11,35,3703
21,11,3698
43,36,3697
8,39,3697
16,88,3695
59,23,3694
26,129,3693
29,24,3693
47,28,3692
11,19,3691
21,42,3691
5,65,3689
38,35,3687
12,59,3687
36,38,3686
32,11,3685
40,6,3684
11,109,3683
53,16,3682
28,14,3680
29,32,3678
43,58,3677
20,90,3677
20,114,3674
27,67,3671
9,49,3670
27,32,3670
3,65,3668
10,35,3668
22,50,3666
27,73,3666
13,21,3666
20,55,3665
28,12,3665
67,19,3664
26,186,3664
54,5,3663
2,201,3659
30,10,3658
7,182,3658
16,3,3656
26,28,3655
2,172,3654
7,11,3653
16,51,3652
25,43,3651
37,16,3650
25,7,3648
7,45,3646
29,13,3642
15,47,3642
29,23,3640
43,31,3640
30,3,3639
24,38,3639
2,278,3638
12,97,3638
34,11,3637
17,18,3637
19,65,3637
6,123,3637
18,5,3635
6,41,3628
7,173,3627
25,55,3625
20,6,3625
12,105,3625
23,101,3622
5,37,3621
24,47,3620
5,43,3619
36,40,3616
27,11,3615
46,13,3613
32,21,3613
13,34,3611
3,86,3611
50,45,3610
54,36,3609
13,7,3608
18,6,3607
4,118,3606
38,61,3605
6,160,3600
46,9,3598
9,121,3595
37,113,3595
27,54,3593
38,41,3591
43,5,3591
24,13,3590
11,71,3590
17,82,3588
20,18,3587
2,39,3587
2,31,3587
23,19,3586
12,50,3586
16,60,3585
7,138,3584
2,75,3583
12,92,3583
10,72,3582
35,42,3580
16,74,3579
36,18,3578
9,88,3577
23,80,3577
71,26,3574
20,135,3573
21,21,3573
66,9,3572
9,73,3572
20,58,3572
25,28,3571
5,55,3570
33,20,3568
22,56,3565
49,16,3565
40,44,3564
19,45,3563
33,41,3563
48,19,3562
42,38,3561
16,73,3559
42,47,3559
11,90,3558
23,66,3557
7,135,3555
6,15,3555
68,48,3555
39,13,3555
72,26,3551
38,36,3550
34,6,3548
4,106,3547
13,27,3547
39,18,3543
10,85,3542
7,204,3541
51,42,3539
7,186,3539
39,19,3537
38,4,3537
42,12,3537
17,53,3536
21,45,3534
46,25,3534
10,57,3532
42,39,3532
42,9,3531
16,15,3531
21,29,3528
40,42,3528
16,47,3527
3,142,3526
27,21,3526
4,98,3519
48,28,3519
6,155,3514
3,173,3512
68,43,3511
23,34,3509
6,90,3508
20,21,3508
34,30,3507
11,86,3504
9,55,3503
27,69,3500
18,52,3497
18,36,3496
4,147,3496
12,93,3491
7,50,3491
32,29,3489
3,71,3487
16,72,3486
74,56,3486
31,23,3485
17,68,3485
18,100,3483
39,54,3483
26,136,3483
23,118,3481
28,6,3481
39,43,3479
9,20,3478
23,75,3477
13,41,3477
32,26,3475
12,89,3474
25,39,3471
36,69,3471
40,52,3465
47,30,3464
72,27,3462
21,109,3462
72,24,3460
43,10,3459
22,12,3456
12,57,3455
26,166,3453
12,96,3453
19,5,3451
28,11,3450
12,53,3449
22,77,3447
55,35,3446
7,199,3444
6,147,3442
64,12,3442
25,1,3442
19,21,3441
83,26,3441
78,39,3441
16,65,3441
46,23,3441
10,41,3440
6,89,3440
2,9,3440
3,128,3440
28,84,3439
20,57,3439
12,44,3438
3,107,3438
26,82,3438
17,86,3437
28,64,3435
98,5,3435
4,167,3434
9,12,3432
54,24,3431
37,21,3429
63,11,3429
50,27,3429
19,78,3428
18,78,3428
12,12,3428
10,33,3427
68,51,3426
22,32,3425
40,80,3424
19,64,3423
31,17,3420
4,61,3419
3,104,3417
26,21,3415
58,16,3415
2,152,3415
27,72,3413
21,1,3412
16,43,3412
8,4,3412
71,1,3412
57,17,3409
22,57,3404
34,28,3404
27,27,3401
43,16,3399
7,18,3399
9,11,3395
20,104,3393
35,30,3391
6,96,3391
95,6,3390
3,169,3389
19,38,3389
8,23,3388
7,10,3388
35,6,3385
16,22,3381
20,117,3380
67,21,3379
64,2,3378
6,49,3377
35,33,3376
4,5,3375
39,28,3375
38,66,3371
25,54,3371
53,29,3371
51,16,3370
39,36,3365
5,59,3365
9,85,3364
36,9,3364
12,5,3361
67,4,3360
13,26,3359
21,46,3357
18,105,3357
49,10,3356
28,28,3355
16,2,3354
14,4,3354
72,7,3353
47,27,3352
20,88,3351
67,23,3350
10,100,3347
47,25,3345
76,11,3345
17,10,3337
14,47,3336
4,134,3335
6,23,3333
9,62,3333
22,4,3331
21,76,3331
36,45,3330
23,18,3329
41,8,3329
72,10,3329
8,13,3328
50,26,3328
61,13,3326
36,10,3325
21,32,3324
4,163,3324
7,190,3323
21,7,3322
3,57,3322
42,51,3321
12,8,3320
35,31,3320
16,63,3320
6,3,3319
13,12,3318
19,28,3316
47,7,3315
67,17,3314
3,162,3314
53,27,3314
12,55,3314
25,13,3311
84,25,3310
21,73,3310
33,22,3309
12,73,3308
55,76,3307
2,107,3306
36,65,3305
3,39,3305
85,9,3305
7,76,3302
10,55,3302
43,25,3300
41,24,3298
25,34,3298
21,83,3296
43,72,3294
52,35,3293
9,106,3289
23,54,3286
20,128,3284
77,30,3281
16,17,3280
20,103,3280
20,99,3280
16,97,3280
16,127,3279
19,92,3279
7,78,3277
7,91,3277
24,9,3276
7,42,3275
98,4,3273
6,104,3273
51,37,3272
20,69,3272
12,108,3271
43,38,3268
28,37,3268
25,57,3268
40,39,3267
18,83,3267
67,28,3266
2,53,3262
11,122,3262
5,99,3262
51,52,3261
90,17,3261
7,198,3260
3,108,3260
10,103,3259
17,27,3253
30,37,3253
64,8,3249
20,84,3248
44,37,3248
14,30,3247
44,29,3244
11,73,3243
76,7,3241
21,2,3239
18,93,3235
20,82,3234
61,10,3233
7,34,3233
36,13,3232
3,52,3231
13,37,3230
28,30,3230
15,29,3228
19,60,3228
7,55,3228
38,72,3228
7,170,3227
30,15,3227
27,24,3225
20,102,3225
22,64,3222
18,30,3221
8,14,3220
19,61,3219
16,38,3219
36,52,3217
7,62,3213
36,37,3213
27,56,3211
9,21,3208
7,197,3207
43,20,3206
9,116,3199
21,31,3198
17,41,3198
54,18,3197
15,28,3197
12,22,3197
67,5,3197
17,13,3196
23,3,3195
41,5,3193
52,16,3193
39,52,3193
14,33,3191
29,67,3190
29,50,3190
2,11,3189
5,56,3189
33,68,3189
25,44,3189
36,77,3187
29,28,3184
42,25,3183
4,165,3183
46,32,3182
4,28,3181
7,193,3181
16,108,3180
11,68,3180
36,62,3178
17,17,3178
48,9,3177
16,107,3176
38,48,3173
25,48,3172
27,49,3171
30,45,3167
17,72,3167
28,54,3165
30,52,3165
47,21,3164
36,46,3164
27,86,3164
6,4,3164
2,3,3163
2,154,3162
14,28,3161
44,57,3159
4,72,3159
78,37,3158
3,34,3157
30,4,3156
29,19,3153
69,32,3153
2,97,3152
38,12,3151
25,60,3151
58,18,3149
26,213,3148
16,20,3148
40,70,3147
47,35,3147
26,19,3146
22,42,3145
74,45,3145
39,72,3144
16,1,3143
68,49,3140
17,25,3139
7,116,3139
70,43,3138
37,53,3136
50,39,3133
3,127,3133
11,89,3132
10,10,3131
48,23,3129
52,14,3129
24,3,3128
2,81,3128
8,71,3125
18,107,3123
19,6,3123
48,22,3122
19,27,3121
103,3,3121
16,100,3120
71,27,3118
43,57,3116
22,66,3116
8,20,3115
36,19,3114
16,29,3114
4,39,3114
67,30,3113
10,44,3111
3,22,3106
7,82,3105
21,91,3105
36,51,3104
21,33,3102
17,106,3099
3,196,3099
51,29,3098
59,22,3093
27,59,3092
50,19,3092
3,200,3092
44,56,3091
5,113,3089
67,29,3087
20,66,3086
27,80,3085
31,26,3085
16,83,3084
92,14,3083
42,4,3083
18,98,3083
19,24,3081
34,44,3079
20,4,3076
6,107,3075
3,98,3075
33,62,3072
6,161,3072
3,70,3069
23,115,3066
7,25,3066
64,1,3066
40,27,3065
10,43,3063
27,75,3063
18,27,3063
16,49,3062
26,139,3062
7,16,3062
16,21,3062
2,56,3061
43,40,3060
19,34,3060
7,46,3059
28,33,3059
21,34,3059
16,10,3058
33,52,3058
38,6,3057
23,78,3057
8,6,3056
39,40,3053
45,34,3053
68,32,3053
32,7,3051
43,82,3050
22,3,3046
27,55,3045
83,29,3044
16,87,3044
7,80,3044
26,154,3043
6,102,3042
9,9,3041
50,2,3041
23,21,3038
38,29,3037
40,83,3036
46,30,3035
7,108,3034
26,33,3034
21,88,3034
45,6,3033
11,41,3031
19,87,3030
35,22,3029
6,105,3027
72,28,3026
11,16,3026
2,38,3024
40,62,3023
44,11,3022
7,202,3022
16,59,3021
25,61,3020
42,43,3020
10,84,3019
28,88,3018
7,180,3018
79,29,3017
4,80,3016
7,29,3016
11,30,3016
36,8,3014
24,17,3014
17,95,3014
17,61,3013
69,25,3013
16,114,3013
6,82,3013
21,50,3012
4,130,3010
3,148,3009
12,54,3009
2,52,3009
12,14,3009
57,2,3008
73,14,3007
21,79,3007
37,10,3005
27,39,3004
40,76,3004
39,35,3003
68,46,3003
52,40,3003
16,18,3001
38,31,3001
21,37,2999
6,45,2999
14,40,2996
13,10,2995
33,48,2992
51,23,2990
2,70,2990
17,54,2987
49,4,2987
49,1,2985
23,86,2984
50,3,2984
30,60,2979
29,22,2978
73,8,2977
7,81,2977
9,77,2975
70,11,2975
3,109,2974
17,94,2974
76,20,2971
3,58,2970
89,15,2970
2,132,2967
51,43,2965
34,5,2964
12,83,2963
54,12,2962
18,23,2961
36,33,2961
54,9,2959
11,97,2955
2,66,2955
36,12,2954
43,50,2954
26,51,2954
38,10,2952
19,77,2951
43,12,2950
2,160,2948
47,36,2947
69,17,2947
17,6,2946
25,38,2943
69,12,2939
15,24,2939
37,125,2937
72,12,2937
25,25,2937
25,50,2935
38,21,2933
17,109,2931
65,9,2930
33,40,2930
34,53,2930
50,16,2929
75,26,2927
11,51,2925
52,23,2923
99,7,2922
32,23,2922
59,4,2921
2,135,2921
40,17,2919
15,87,2916
27,47,2915
2,211,2913
39,50,2913
2,138,2913
19,51,2912
70,40,2911
38,57,2908
41,28,2907
6,115,2906
22,59,2906
59,13,2905
6,55,2903
17,74,2903
49,17,2902
19,10,2898
9,128,2898
3,96,2896
23,7,2895
3,42,2895
70,31,2895
29,57,2894
50,37,2894
15,22,2893
68,22,2893
7,206,2890
77,27,2887
2,139,2887
4,86,2886
50,17,2886
25,69,2885
28,74,2884
28,62,2884
11,74,2883
26,24,2882
56,84,2881
15,19,2880
11,42,2880
99,2,2880
51,49,2880
2,119,2877
11,60,2874
25,24,2874
39,58,2873
20,44,2872
42,50,2871
20,50,2870
6,106,2870
51,51,2869
2,156,2868
18,53,2868
39,31,2866
63,2,2865
30,51,2864
27,3,2863
2,161,2863
31,4,2863
24,51,2863
17,90,2863
7,178,2862
10,69,2862
39,37,2862
14,50,2861
23,88,2861
33,56,2861
52,32,2858
72,5,2857
38,60,2856
25,14,2856
2,42,2855
5,76,2855
42,40,2854
52,45,2854
41,38,2854
37,33,2852
34,20,2851
25,22,2849
14,35,2848
8,5,2847
2,37,2847
51,55,2845
74,49,2842
19,18,2842
21,59,2841
48,21,2840
36,53,2840
5,111,2840
60,2,2839
28,8,2839
27,90,2838
17,85,2834
31,22,2832
41,41,2832
78,38,2832
56,72,2829
13,20,2825
76,2,2825
23,92,2824
12,99,2824
98,7,2824
55,54,2819
20,92,2819
94,3,2817
83,2,2816
18,34,2816
20,45,2816
53,56,2815
25,11,2814
47,8,2814
37,5,2814
43,18,2813
29,43,2811
22,69,2811
26,10,2811
6,16,2811
21,26,2806
2,46,2805
28,17,2803
9,57,2801
20,119,2800
6,64,2800
10,29,2799
41,48,2799
11,59,2799
54,31,2798
30,11,2798
3,53,2798
9,87,2798
91,14,2797
15,54,2794
72,13,2792
16,4,2792
26,167,2789
13,19,2787
38,25,2787
73,13,2785
28,49,2784
26,66,2784
37,82,2784
11,9,2782
15,94,2782
7,83,2781
17,92,2781
31,14,2780
4,164,2780
2,238,2778
4,4,2777
60,3,2777
43,55,2777
25,46,2774
7,119,2772
30,43,2772
9,75,2771
17,30,2771
34,36,2770
23,11,2770
34,54,2769
57,5,2766
9,1,2765
26,41,2765
8,51,2764
3,182,2764
38,46,2763
26,135,2762
15,66,2761
7,8,2761
72,3,2759
7,105,2757
32,19,2757
2,34,2754
44,7,2751
22,13,2751
99,6,2749
5,63,2748
51,40,2747
2,103,2743
11,105,2743
53,54,2738
6,28,2735
43,60,2732
21,66,2730
27,20,2729
29,9,2728
5,120,2726
18,104,2725
17,77,2724
44,38,2723
23,50,2723
25,49,2722
40,33,2720
42,31,2718
41,10,2718
30,34,2716
33,18,2716
16,55,2716
40,30,2715
110,3,2715
23,57,2715
16,37,2714
22,10,2714
15,33,2713
18,44,2713
43,24,2711
37,177,2709
56,62,2708
19,62,2707
19,93,2707
23,117,2707
8,62,2705
4,26,2704
67,6,2702
43,52,2700
22,8,2700
32,6,2700
32,28,2699
2,82,2699
25,47,2696
91,11,2696
20,111,2694
19,47,2693
11,53,2692
34,27,2690
29,64,2690
57,3,2689
26,80,2689
69,13,2688
18,66,2687
94,7,2685
24,46,2682
19,7,2681
5,88,2680
54,25,2678
22,71,2677
7,84,2676
26,142,2676
2,181,2676
38,71,2674
88,17,2673
40,69,2672
9,110,2672
26,202,2671
27,57,2671
37,73,2671
37,50,2670
15,73,2670
28,53,2668
33,54,2665
23,60,2665
20,132,2662
6,37,2661
57,6,2661
11,106,2661
70,4,2660
25,75,2660
68,15,2660
4,79,2660
83,13,2660
80,37,2658
6,72,2658
27,51,2658
55,41,2657
3,5,2656
54,23,2655
68,30,2655
53,52,2654
3,158,2654
63,3,2654
12,39,2653
37,13,2652
3,138,2652
41,7,2650
56,59,2650
16,96,2650
19,67,2648
54,26,2647
56,65,2647
11,79,2647
4,67,2646
45,36,2643
55,37,2643
21,10,2641
79,11,2641
10,77,2640
2,4,2640
50,11,2640
52,36,2640
21,80,2639
11,55,2636
21,62,2635
11,95,2634
92,11,2634
54,39,2632
71,9,2632
23,84,2631
20,15,2630
11,82,2629
44,24,2629
34,26,2629
21,102,2626
2,45,2626
19,63,2626
2,13,2624
41,20,2623
6,132,2621
50,28,2621
50,33,2621
43,43,2621
16,104,2621
52,29,2620
37,22,2620
23,107,2619
27,48,2619
89,28,2618
19,48,2616
27,13,2615
34,48,2614
2,153,2614
87,9,2612
12,75,2611
72,16,2611
26,106,2611
23,114,2610
10,42,2608
37,88,2605
43,46,2603
18,25,2603
19,69,2603
36,83,2601
6,5,2596
37,27,2596
52,25,2596
23,45,2596
6,118,2596
76,4,2596
3,189,2595
26,161,2592
45,15,2592
19,40,2591
19,12,2591
17,19,2590
89,16,2586
43,53,2586
76,1,2585
80,4,2583
16,128,2582
37,93,2582
51,25,2581
6,103,2581
7,113,2580
15,68,2580
23,9,2579
15,3,2576
70,34,2573
27,70,2571
21,15,2570
3,126,2569
50,31,2569
22,1,2568
113,3,2567
7,191,2567
33,2,2567
27,68,2566
23,83,2566
5,86,2565
5,10,2565
15,8,2565
18,41,2563
12,28,2563
16,24,2562
26,124,2562
21,112,2560
7,5,2558
46,6,2557
40,79,2557
19,25,2556
4,109,2555
6,88,2554
37,91,2553
19,54,2553
36,74,2552
24,7,2551
62,7,2549
54,28,2549
61,4,2548
44,28,2548
2,95,2548
24,20,2546
54,2,2544
22,67,2543
16,123,2543
44,10,2542
12,58,2542
73,17,2542
56,4,2541
62,1,2540
21,104,2540
25,35,2540
79,45,2540
43,86,2539
99,8,2538
2,100,2538
2,88,2537
42,17,2535
22,61,2534
38,17,2534
38,49,2534
23,62,2534
8,10,2534
21,58,2533
23,112,2533
4,169,2532
4,22,2530
9,53,2528
19,66,2528
70,27,2528
12,20,2527
38,69,2525
80,26,2524
21,43,2524
12,91,2524
76,16,2523
82,5,2522
51,24,2519
23,2,2519
19,22,2516
5,25,2516
83,30,2516
39,61,2516
21,64,2515
18,11,2515
32,17,2513
47,1,2511
27,4,2510
40,51,2509
29,56,2506
15,60,2505
40,71,2505
36,79,2504
56,68,2504
88,21,2503
8,28,2503
14,49,2503
20,48,2502
21,96,2501
35,2,2501
52,12,2500
40,16,2500
3,38,2499
26,215,2499
27,83,2497
50,7,2496
56,83,2496
50,6,2494
43,8,2493
27,35,2492
30,26,2490
29,21,2490
23,74,2490
26,20,2489
43,84,2488
24,10,2488
99,4,2488
23,56,2487
11,26,2486
47,11,2485
33,63,2485
4,126,2484
47,31,2484
27,89,2483
9,97,2480
3,115,2480
33,67,2479
34,47,2477
12,45,2477
17,105,2476
26,130,2476
71,18,2475
38,39,2475
55,17,2474
79,25,2474
20,85,2474
25,77,2473
25,51,2472
22,38,2472
40,45,2472
26,44,2469
44,20,2469
7,106,2469
37,19,2469
26,86,2469
19,43,2468
38,55,2466
50,12,2464
10,109,2463
67,18,2461
66,2,2461
41,3,2457
20,75,2456
17,8,2455
15,53,2455
5,98,2454
9,32,2453
22,6,2453
26,7,2453
42,41,2453
37,158,2452
70,30,2452
68,39,2452
23,6,2452
89,25,2450
3,139,2450
19,11,2449
18,59,2448
53,45,2448
35,15,2448
40,19,2446
19,83,2445
4,151,2442
11,99,2438
53,17,2438
24,52,2438
25,5,2437
2,241,2436
56,51,2435
27,43,2435
20,13,2435
43,64,2432
69,30,2432
15,81,2430
7,132,2429
12,82,2429
59,19,2427
19,36,2427
11,15,2426
7,124,2423
55,29,2421
3,51,2421
4,156,2420
73,15,2420
58,6,2420
70,28,2418
15,9,2417
82,19,2417
45,3,2416
15,14,2416
46,19,2414
39,64,2414
71,21,2412
19,98,2411
44,50,2411
10,96,2410
41,46,2408
52,38,2407
20,133,2406
15,96,2406
43,76,2404
43,47,2403
20,64,2401
2,204,2398
20,120,2398
37,32,2398
20,3,2397
15,42,2396
21,54,2395
74,37,2395
7,68,2395
77,36,2394
4,52,2394
33,66,2391
14,43,2390
67,11,2389
56,25,2389
38,64,2388
30,14,2387
11,2,2387
38,59,2387
5,84,2386
30,32,2385
31,8,2384
32,13,2383
18,95,2383
37,62,2382
33,1,2382
72,9,2382
79,12,2381
42,46,2379
16,46,2378
56,73,2377
54,3,2377
20,52,2376
81,20,2376
20,125,2375
26,155,2375
2,169,2374
19,44,2374
21,22,2374
30,13,2372
83,34,2372
23,42,2372
50,32,2371
22,33,2371
13,9,2371
36,71,2370
12,33,2369
37,30,2368
12,27,2368
20,89,2367
23,31,2366
41,49,2366
52,15,2366
6,76,2366
73,11,2365
31,28,2365
34,41,2363
40,38,2363
23,29,2363
33,45,2362
25,26,2361
40,53,2360
15,36,2359
55,43,2359
38,79,2359
45,4,2357
61,8,2356
7,166,2355
26,152,2354
12,94,2354
54,19,2353
97,4,2352
43,77,2352
26,14,2352
85,19,2352
26,214,2351
6,163,2351
36,66,2350
11,14,2348
38,43,2346
40,73,2343
43,42,2341
67,13,2340
82,2,2339
71,15,2337
2,276,2337
25,31,2335
26,18,2335
2,192,2335
86,12,2334
26,36,2334
21,94,2333
51,60,2331
2,131,2331
67,22,2331
21,4,2330
76,15,2329
72,14,2328
28,56,2327
38,18,2327
88,1,2326
92,3,2326
89,9,2325
32,25,2324
26,15,2324
23,99,2323
21,71,2322
4,99,2322
54,10,2322
2,209,2321
28,66,2321
54,27,2321
55,56,2320
36,41,2319
36,75,2318
37,14,2318
21,16,2317
15,6,2316
40,63,2316
40,36,2313
36,34,2313
52,43,2312
18,12,2312
37,85,2311
35,16,2309
2,252,2309
18,84,2309
67,1,2308
30,31,2308
4,120,2306
26,40,2305
23,38,2305
3,166,2305
54,53,2303
79,46,2302
11,36,2301
84,10,2301
72,6,2300
29,34,2298
64,15,2298
25,76,2298
92,8,2297
54,33,2296
23,52,2295
47,17,2295
36,63,2295
7,102,2294
36,35,2293
51,11,2293
76,13,2293
3,95,2292
54,32,2292
69,9,2292
29,66,2292
54,17,2292
27,66,2292
54,40,2292
54,22,2292
26,13,2291
34,29,2291
36,48,2291
67,25,2291
21,38,2291
27,71,2291
10,48,2291
16,109,2290
50,10,2290
11,22,2290
99,1,2289
7,184,2287
61,2,2287
17,63,2287
58,21,2286
6,117,2282
27,38,2281
41,42,2280
4,148,2280
26,177,2277
68,7,2274
58,20,2273
86,5,2273
14,39,2273
67,7,2272
21,12,2270
10,81,2270
40,48,2269
9,22,2269
3,113,2269
2,112,2268
4,53,2267
12,104,2267
77,31,2266
12,60,2265
11,118,2262
2,242,2261
22,16,2261
21,60,2259
89,21,2259
19,71,2259
44,41,2258
50,34,2257
50,36,2257
28,42,2257
51,1,2256
18,68,2256
4,159,2255
61,3,2255
3,6,2255
51,36,2254
30,6,2254
26,116,2254
23,5,2251
14,46,2251
70,29,2251
4,145,2251
26,184,2250
26,6,2248
19,81,2247
72,1,2246
42,3,2245
28,70,2243
34,10,2242
78,18,2242
19,96,2242
48,8,2241
79,26,2238
14,41,2237
15,52,2235
64,11,2234
76,27,2233
20,43,2231
43,26,2230
79,17,2230
20,24,2230
26,224,2230
18,97,2229
25,33,2229
11,121,2227
36,27,2225
61,1,2225
16,99,2225
59,1,2225
18,81,2224
21,106,2224
45,37,2224
9,78,2224
2,78,2223
50,42,2223
44,58,2222
24,42,2222
12,86,2221
56,82,2221
2,2,2221
55,66,2219
82,4,2219
38,51,2219
36,29,2219
7,117,2217
74,11,2215
19,88,2215
9,82,2213
2,195,2213
15,91,2213
21,9,2213
52,46,2210
55,31,2208
17,79,2208
46,27,2207
100,9,2206
17,20,2206
23,94,2205
22,7,2203
30,59,2203
18,43,2202
24,44,2202
7,61,2202
3,67,2202
8,55,2201
7,99,2200
76,24,2200
75,21,2199
69,19,2199
102,8,2198
47,33,2197
24,24,2194
28,52,2193
73,4,2192
56,46,2190
22,76,2189
55,14,2186
19,74,2184
26,173,2184
84,3,2184
27,58,2184
53,22,2184
107,1,2182
4,70,2182
26,165,2182
26,55,2180
81,14,2180
37,57,2179
2,98,2176
12,35,2174
52,18,2173
37,46,2172
50,14,2170
15,83,2170
43,54,2166
40,59,2165
37,36,2164
50,18,2164
33,47,2163
26,120,2162
69,4,2162
78,35,2161
83,24,2161
4,132,2161
71,17,2161
51,18,2160
9,10,2158
55,11,2158
74,6,2157
17,96,2155
15,5,2153
69,24,2153
23,43,2153
50,15,2153
44,39,2150
42,30,2150
7,196,2148
69,14,2147
107,2,2146
7,98,2143
16,121,2142
19,56,2141
5,50,2140
39,39,2140
38,1,2139
29,4,2137
9,51,2135
33,8,2134
90,19,2133
3,131,2133
23,98,2132
23,116,2131
34,35,2130
92,1,2129
26,22,2128
68,41,2128
8,22,2127
38,34,2127
91,4,2126
19,41,2125
17,36,2124
40,24,2123
37,127,2123
81,24,2123
24,56,2123
17,11,2120
28,51,2120
38,45,2118
26,45,2118
56,71,2117
7,6,2117
20,60,2115
80,40,2115
56,61,2113
43,68,2111
16,122,2111
84,4,2110
83,32,2109
10,97,2109
21,68,2109
19,82,2109
19,2,2109
20,7,2108
29,54,2106
44,47,2104
20,80,2104
23,61,2102
43,87,2102
12,7,2102
80,22,2100
54,1,2098
96,1,2098
68,12,2096
2,15,2096
53,2,2095
57,1,2094
21,101,2094
26,141,2093
16,40,2091
23,97,2091
16,23,2091
90,14,2091
29,6,2088
78,3,2087
37,105,2087
54,38,2085
6,149,2083
44,48,2083
23,51,2083
56,86,2082
21,65,2082
7,109,2081
15,16,2080
50,20,2080
26,209,2079
3,3,2077
43,74,2077
69,48,2077
7,14,2077
29,62,2074
16,82,2073
55,10,2072
37,64,2071
23,37,2070
20,54,2069
48,13,2067
36,22,2066
36,56,2064
68,17,2062
16,5,2062
18,108,2061
36,30,2060
55,39,2057
19,55,2057
52,31,2053
43,29,2052
7,111,2052
15,18,2052
51,48,2052
23,113,2051
15,21,2051
55,78,2050
75,18,2048
16,120,2040
17,3,2039
54,43,2039
37,59,2036
56,92,2035
36,82,2035
22,62,2034
4,87,2031
13,39,2031
27,26,2030
44,32,2029
3,9,2028
4,41,2028
48,7,2028
89,5,2026
38,82,2026
31,30,2023
23,30,2023
37,149,2023
67,14,2022
44,17,2022
55,20,2021
43,45,2020
11,117,2020
26,67,2017
26,190,2017
26,121,2017
26,174,2017
26,8,2017
28,65,2017
26,103,2017
75,13,2016
36,20,2014
23,15,2013
93,5,2013
54,48,2012
52,34,2011
53,20,2011
8,21,2008
43,21,2007
2,32,2007
82,6,2007
10,53,2007
54,20,2007
15,1,2006
20,59,2005
50,30,2005
37,35,2004
37,124,2001
87,10,2000
54,21,2000
54,30,2000
54,16,2000
15,75,1999
26,132,1999
34,25,1999
77,17,1999
2,157,1999
40,81,1998
10,25,1998
3,43,1997
17,87,1997
37,71,1996
101,4,1995
106,4,1993
74,9,1992
74,10,1992
19,19,1991
88,24,1991
78,30,1990
23,47,1990
7,174,1989
56,81,1988
39,57,1987
11,45,1987
89,8,1985
75,25,1985
74,24,1984
18,7,1976
11,100,1976
9,119,1976
29,59,1975
15,7,1975
16,42,1975
77,29,1974
37,60,1973
43,70,1972
20,74,1970
4,123,1968
20,100,1967
81,5,1967
68,4,1967
89,11,1965
36,70,1963
43,44,1963
26,207,1962
3,82,1962
51,38,1961
39,2,1961
14,15,1961
53,59,1961
70,14,1960
42,35,1958
54,8,1957
20,68,1956
113,4,1954
100,11,1953
52,30,1952
11,25,1952
28,22,1951
25,56,1951
8,3,1950
2,147,1949
26,223,1948
43,56,1948
72,21,1946
26,75,1946
26,148,1945
23,85,1945
56,76,1944
74,52,1943
15,15,1941
2,99,1940
4,166,1939
26,194,1939
6,86,1939
34,40,1937
56,63,1937
19,33,1937
11,111,1936
75,39,1934
83,12,1933
21,86,1932
77,11,1930
6,162,1929
22,51,1929
77,6,1929
37,150,1929
37,28,1928
97,3,1926
18,1,1926
39,33,1925
78,28,1924
36,39,1923
38,65,1922
23,16,1922
16,50,1920
52,48,1920
43,22,1918
84,22,1918
3,62,1917
39,11,1917
26,12,1915
6,66,1915
92,16,1915
26,59,1914
20,46,1914
80,33,1914
12,34,1912
36,55,1911
84,5,1909
84,2,1909
26,32,1909
7,107,1909
21,63,1908
25,16,1906
17,84,1905
27,85,1905
72,8,1904
43,41,1904
55,9,1903
87,4,1902
19,31,1902
93,4,1900
10,76,1900
21,98,1898
15,41,1897
26,16,1897
18,75,1896
15,56,1896
26,81,1895
26,118,1895
18,9,1894
3,60,1893
18,65,1892
40,84,1892
21,85,1891
38,52,1891
50,8,1891
7,7,1888
37,107,1888
29,60,1887
38,20,1886
26,128,1885
33,44,1883
79,30,1883
76,10,1882
53,38,1882
54,35,1880
44,35,1880
7,60,1880
25,71,1880
15,97,1880
74,28,1880
53,33,1879
69,16,1878
50,9,1877
21,51,1877
29,2,1875
51,45,1875
69,27,1875
36,68,1875
77,41,1875
68,23,1875
37,3,1874
37,38,1874
95,4,1873
69,5,1873
13,29,1872
18,69,1871
11,115,1870
51,41,1869
15,49,1868
40,65,1868
81,10,1867
79,1,1867
23,8,1867
70,32,1867
52,41,1866
68,47,1866
39,34,1866
52,20,1865
21,92,1865
100,3,1863
43,80,1862
82,7,1862
45,20,1862
20,14,1861
12,95,1861
32,24,1861
75,12,1860
83,3,1857
20,93,1856
26,211,1856
36,61,1856
33,70,1856
36,42,1856
51,20,1856
38,62,1855
26,111,1852
21,75,1852
2,8,1851
77,32,1850
11,33,1850
26,27,1850
19,29,1850
4,138,1848
12,103,1848
36,24,1846
19,49,1846
18,72,1846
51,58,1846
75,40,1844
19,79,1844
27,1,1844
18,91,1844
76,6,1843
19,70,1843
24,25,1843
75,22,1842
26,149,1842
56,3,1842
47,23,1841
80,39,1841
3,32,1840
69,42,1839
3,54,1839
37,63,1838
96,13,1837
20,16,1836
56,45,1836
26,91,1834
40,14,1833
27,50,1830
83,4,1829
19,53,1826
44,53,1824
55,72,1823
44,12,1823
23,49,1822
37,171,1822
70,21,1821
12,71,1821
81,4,1819
52,24,1816
37,119,1815
21,110,1815
15,17,1814
32,2,1813
23,53,1812
38,2,1809
10,105,1809
36,26,1808
29,69,1807
70,33,1807
8,40,1806
16,6,1806
53,60,1805
56,28,1804
26,50,1803
44,3,1802
7,97,1802
51,53,1801
43,30,1800
92,20,1800
37,101,1799
11,83,1799
75,33,1798
15,20,1798
26,87,1798
77,43,1798
52,19,1798
50,25,1797
7,52,1796
67,26,1795
6,62,1795
37,61,1794
2,179,1793
58,15,1792
30,35,1791
15,26,1790
69,44,1790
37,157,1789
29,11,1789
18,13,1787
26,181,1786
4,117,1786
20,122,1782
75,38,1782
51,50,1782
38,68,1782
6,134,1779
69,20,1779
5,38,1779
25,64,1778
96,7,1778
50,23,1777
76,22,1774
37,78,1774
26,71,1774
15,55,1774
37,108,1774
52,11,1774
37,129,1774
38,15,1773
11,98,1772
72,11,1772
87,17,1772
110,2,1771
39,70,1770
64,18,1770
37,116,1769
89,19,1768
86,7,1768
15,50,1767
37,56,1766
28,3,1766
44,16,1765
68,42,1764
74,48,1764
21,67,1764
35,20,1763
88,2,1762
79,27,1761
79,35,1760
81,1,1759
23,65,1758
77,25,1758
37,115,1758
23,102,1756
23,67,1755
23,70,1753
26,105,1753
43,49,1752
26,201,1751
37,7,1750
44,49,1748
20,56,1747
78,24,1747
7,192,1747
27,8,1746
56,57,1746
69,11,1744
56,64,1744
16,57,1743
20,98,1743
89,18,1743
88,11,1743
52,42,1740
68,3,1738
68,34,1737
43,78,1736
10,91,1735
24,49,1735
36,50,1735
26,160,1734
13,24,1734
20,91,1733
72,25,1733
83,11,1732
91,12,1732
50,5,1732
18,88,1731
37,136,1727
20,34,1727
26,172,1727
16,34,1724
41,32,1722
19,3,1720
83,25,1720
84,21,1719
5,79,1719
30,44,1717
87,5,1715
37,77,1714
51,26,1713
39,62,1712
54,47,1712
19,80,1711
72,2,1709
30,2,1709
26,61,1709
23,59,1708
8,59,1707
19,85,1706
21,57,1705
25,23,1705
15,2,1705
68,25,1704
38,3,1702
26,78,1701
81,29,1700
23,46,1700
37,8,1700
79,19,1699
55,46,1699
27,78,1698
74,53,1698
34,17,1697
3,141,1695
81,9,1695
77,47,1694
77,24,1694
77,28,1694
77,49,1694
77,40,1694
77,19,1694
77,37,1694
83,10,1694
77,34,1694
77,45,1694
77,15,1694
26,72,1693
37,39,1692
26,187,1692
43,3,1692
92,18,1690
74,21,1690
15,23,1688
37,31,1687
71,16,1687
44,15,1686
12,106,1686
84,1,1686
47,14,1685
28,67,1684
76,30,1684
6,67,1681
12,1,1680
3,76,1680
15,69,1680
56,70,1679
10,80,1678
55,8,1677
12,2,1677
4,111,1677
44,59,1677
53,21,1675
6,26,1674
47,24,1673
26,208,1673
26,97,1671
20,12,1671
79,40,1671
43,69,1668
54,13,1667
37,72,1667
88,20,1666
68,29,1666
26,57,1666
23,58,1665
36,73,1665
36,60,1664
23,25,1664
26,42,1663
36,31,1661
76,5,1661
89,24,1660
27,53,1660
41,18,1659
21,111,1658
44,30,1658
10,1,1656
44,13,1655
27,17,1655
15,37,1653
80,5,1653
38,80,1653
29,5,1649
37,18,1648
26,137,1647
5,102,1646
18,67,1644
107,5,1644
6,29,1643
84,18,1640
110,1,1638
43,59,1637
43,73,1635
69,15,1635
82,3,1633
87,7,1633
16,19,1632
80,24,1629
55,24,1628
15,80,1627
87,2,1627
12,74,1625
53,35,1624
38,37,1624
23,73,1623
70,23,1623
105,2,1623
26,203,1622
52,37,1622
22,75,1620
69,45,1620
37,95,1619
26,123,1618
70,41,1618
51,30,1618
40,32,1618
15,27,1617
78,14,1617
16,117,1616
19,50,1615
76,25,1615
38,38,1614
15,84,1614
77,5,1613
51,56,1613
81,6,1613
56,69,1612
26,70,1610
74,8,1610
77,48,1608
26,64,1607
36,7,1603
3,18,1602
77,46,1601
79,43,1598
27,29,1597
22,49,1596
26,54,1595
2,43,1595
45,33,1593
6,18,1591
30,5,1591
23,90,1591
43,34,1591
78,19,1591
111,3,1590
8,61,1590
83,35,1589
83,23,1589
21,25,1589
26,218,1586
70,36,1585
15,13,1583
26,113,1583
69,21,1582
38,86,1582
101,7,1582
44,14,1581
20,20,1578
27,74,1578
82,1,1575
17,38,1574
37,47,1574
7,15,1573
68,38,1573
26,53,1572
3,197,1571
56,7,1571
81,11,1570
37,87,1567
21,61,1566
37,76,1566
36,72,1566
89,10,1565
15,11,1564
54,41,1563
102,7,1563
55,55,1562
55,47,1562
55,36,1562
55,57,1562
55,73,1562
55,67,1562
55,21,1562
55,59,1562
55,40,1562
55,23,1562
55,18,1562
55,75,1562
55,65,1562
47,9,1562
55,61,1562
55,13,1562
55,77,1562
55,71,1562
55,25,1562
55,45,1562
55,38,1562
55,32,1562
55,28,1562
55,63,1562
55,53,1562
55,69,1562
55,51,1562
55,16,1562
55,42,1562
55,30,1562
55,34,1562
55,49,1562
37,117,1561
78,20,1558
44,19,1557
4,174,1555
23,39,1555
23,26,1555
106,3,1554
23,13,1554
94,8,1552
69,6,1552
7,104,1551
56,87,1551
38,47,1550
83,33,1549
54,6,1549
86,11,1544
77,3,1540
10,63,1539
41,33,1539
26,200,1538
49,8,1538
38,14,1537
15,12,1537
26,204,1536
79,34,1536
90,16,1536
37,176,1536
39,48,1535
75,3,1534
20,2,1532
69,41,1531
85,5,1530
81,12,1530
26,93,1530
33,46,1529
36,64,1529
19,32,1529
19,15,1529
5,47,1528
17,32,1527
56,74,1526
69,52,1526
62,3,1526
56,96,1526
23,87,1525
77,9,1524
38,9,1523
74,36,1523
56,40,1523
36,21,1523
30,17,1521
21,55,1520
9,56,1519
59,20,1519
26,205,1519
15,48,1517
20,5,1517
51,8,1517
75,10,1517
26,34,1517
91,2,1516
26,31,1516
50,29,1516
55,7,1516
21,6,1515
15,34,1515
38,77,1515
81,2,1513
52,27,1511
96,16,1509
20,106,1509
90,15,1509
51,35,1509
53,6,1508
51,10,1508
25,66,1508
20,116,1506
3,48,1505
37,96,1505
54,49,1505
37,135,1503
26,171,1503
71,2,1501
36,32,1500
56,85,1498
28,69,1497
88,6,1497
55,15,1496
114,4,1496
35,23,1494
3,150,1494
7,115,1492
21,70,1492
56,1,1491
10,79,1491
70,38,1489
70,13,1489
23,12,1489
23,108,1488
37,155,1488
89,7,1488
56,60,1487
7,67,1487
54,54,1487
74,20,1484
84,24,1483
15,72,1482
85,1,1482
19,30,1482
26,96,1481
35,21,1480
26,216,1478
56,15,1477
55,70,1475
56,20,1474
68,26,1471
38,53,1471
26,84,1467
86,4,1467
20,37,1467
88,7,1467
3,163,1466
54,55,1466
10,82,1464
55,27,1464
40,72,1460
41,54,1460
34,52,1460
20,79,1460
3,33,1459
74,25,1458
21,93,1457
72,22,1455
37,144,1453
76,9,1452
71,12,1452
7,4,1452
26,39,1452
26,180,1449
23,36,1449
26,2,1449
26,164,1449
28,2,1449
26,109,1449
26,127,1449
26,145,1449
14,51,1448
38,54,1446
81,3,1445
87,15,1444
68,8,1443
113,5,1443
16,9,1443
37,140,1441
56,2,1440
8,18,1440
68,31,1439
37,12,1439
10,86,1439
15,71,1439
102,2,1439
92,2,1438
105,1,1438
36,17,1437
53,46,1436
74,23,1436
40,41,1435
18,103,1434
80,11,1433
21,8,1433
68,13,1433
74,54,1432
29,35,1432
111,2,1432
27,6,1431
93,9,1429
81,18,1429
69,36,1429
96,9,1428
37,34,1428
87,12,1426
83,15,1425
70,20,1425
20,118,1425
31,2,1425
75,28,1424
26,146,1421
77,8,1421
37,145,1420
56,66,1418
37,48,1417
80,41,1416
114,5,1415
40,2,1413
12,11,1412
20,129,1412
20,70,1411
28,41,1410
4,55,1410
38,5,1407
75,7,1407
26,73,1406
75,23,1405
20,110,1403
2,244,1403
67,10,1403
37,146,1402
52,17,1402
37,168,1401
53,47,1401
15,74,1400
21,14,1400
53,55,1399
43,27,1397
89,13,1397
94,4,1397
74,55,1397
80,12,1397
3,132,1396
85,15,1395
76,8,1393
69,46,1392
20,65,1391
46,14,1388
85,14,1385
55,22,1383
69,33,1383
20,62,1382
15,51,1382
38,74,1377
23,96,1376
77,18,1376
80,21,1375
83,31,1375
15,89,1373
44,25,1373
26,94,1372
26,198,1372
21,108,1372
44,36,1371
51,54,1371
37,141,1370
71,19,1370
68,37,1369
15,45,1368
51,15,1368
75,16,1367
51,39,1365
77,10,1365
32,18,1365
26,92,1365
15,99,1365
10,40,1365
17,14,1365
38,70,1364
71,5,1364
44,45,1364
7,181,1362
84,14,1361
113,2,1361
101,6,1361
78,15,1361
106,2,1360
37,173,1360
52,44,1359
80,19,1358
15,78,1358
82,9,1358
26,25,1358
51,31,1357
15,57,1357
26,3,1354
96,6,1354
27,31,1352
26,210,1352
113,1,1352
77,38,1351
81,7,1351
12,72,1350
96,19,1349
87,16,1345
23,69,1345
45,2,1341
39,1,1341
46,2,1341
33,65,1338
101,8,1337
50,41,1337
98,2,1336
71,8,1336
15,82,1335
100,1,1334
33,15,1334
102,4,1333
43,37,1333
23,68,1332
26,99,1331
55,12,1330
43,7,1330
42,34,1328
80,34,1324
37,70,1323
26,98,1323
23,89,1322
15,10,1322
89,17,1321
11,96,1321
40,23,1321
26,38,1320
41,19,1320
80,23,1319
26,52,1319
56,58,1319
26,117,1318
69,28,1318
53,19,1318
44,33,1318
53,18,1317
81,13,1315
44,21,1314
26,176,1312
37,67,1309
54,29,1308
76,23,1308
78,6,1307
21,20,1307
82,10,1306
26,74,1306
94,2,1306
81,26,1304
70,24,1304
26,60,1304
75,29,1303
37,15,1303
54,15,1302
53,48,1301
69,49,1301
81,8,1301
51,7,1301
25,52,1300
54,14,1300
26,222,1300
78,25,1299
37,99,1298
38,85,1297
21,99,1297
31,9,1297
10,56,1296
17,43,1296
29,30,1296
107,3,1296
20,107,1296
69,34,1296
44,31,1296
20,36,1295
17,108,1294
36,28,1293
82,16,1293
93,8,1292
100,8,1291
7,139,1290
55,48,1290
23,48,1288
42,19,1287
51,57,1286
44,8,1286
10,62,1283
11,4,1282
23,111,1281
75,32,1280
88,16,1279
56,16,1279
89,26,1278
85,4,1278
42,32,1278
79,9,1276
111,1,1275
38,87,1275
81,27,1275
77,4,1274
26,90,1273
79,16,1273
100,7,1271
79,31,1271
68,52,1271
38,58,1270
90,2,1270
50,21,1263
75,30,1261
89,6,1260
36,76,1259
21,95,1259
91,1,1258
26,221,1256
78,2,1255
20,101,1255
29,42,1255
33,11,1254
54,44,1254
52,7,1253
114,1,1253
29,26,1252
83,18,1250
53,13,1249
102,1,1249
6,127,1248
6,9,1248
30,12,1247
20,67,1246
26,151,1245
21,69,1243
81,28,1243
15,4,1242
32,8,1241
83,36,1240
37,162,1240
37,142,1238
44,54,1234
48,1,1233
101,5,1232
23,93,1231
79,37,1231
26,85,1230
55,68,1230
38,50,1229
70,17,1229
56,55,1227
15,86,1227
90,4,1224
103,2,1224
74,30,1221
37,83,1221
43,75,1220
68,24,1219
26,43,1218
2,12,1217
70,39,1216
15,67,1215
47,6,1215
38,67,1214
96,2,1213
50,43,1213
68,16,1211
70,3,1211
73,5,1210
70,26,1210
75,15,1209
56,49,1207
51,21,1207
95,5,1206
73,10,1205
41,2,1205
20,95,1205
37,44,1203
50,13,1202
92,21,1202
52,22,1200
16,16,1200
79,7,1199
74,50,1199
3,63,1198
87,13,1198
56,89,1198
37,137,1198
68,50,1197
26,115,1197
68,5,1196
71,13,1194
15,77,1193
88,9,1192
22,74,1192
104,7,1191
44,46,1189
20,105,1189
54,34,1188
37,84,1187
20,25,1186
27,30,1185
26,79,1183
8,64,1183
44,23,1180
74,34,1180
76,3,1179
51,22,1179
22,68,1177
26,56,1176
15,79,1176
18,38,1176
15,63,1176
84,7,1174
78,22,1174
23,4,1172
37,9,1172
74,2,1171
80,38,1171
26,153,1170
26,185,1170
85,22,1168
80,29,1167
37,174,1167
27,79,1165
87,18,1164
38,33,1162
80,30,1162
79,2,1158
54,51,1158
73,6,1158
56,14,1158
64,13,1157
96,15,1156
33,64,1156
37,69,1155
56,21,1155
53,12,1154
56,6,1153
52,26,1150
26,11,1150
87,3,1150
77,20,1148
80,18,1147
55,19,1145
70,1,1144
54,11,1143
51,27,1143
39,14,1143
77,44,1141
74,51,1141
37,131,1141
2,77,1141
37,121,1141
37,80,1141
44,43,1138
53,11,1137
15,25,1137
68,28,1137
19,84,1135
37,118,1134
70,12,1134
79,14,1131
56,43,1130
89,3,1130
39,30,1129
11,104,1128
4,45,1127
23,104,1127
20,23,1126
36,25,1123
43,89,1123
26,188,1123
53,8,1119
77,1,1119
71,14,1118
75,8,1117
38,83,1115
15,40,1115
89,30,1114
68,18,1113
15,32,1113
37,68,1112
36,16,1110
37,20,1109
30,49,1109
37,112,1109
43,28,1109
91,6,1109
44,40,1108
56,95,1107
105,4,1107
83,5,1106
6,13,1105
37,49,1104
107,6,1104
4,68,1103
69,38,1103
39,12,1103
53,37,1102
74,40,1102
20,9,1101
80,10,1101
23,95,1100
40,54,1099
26,119,1097
37,169,1095
79,15,1095
72,20,1094
37,178,1093
37,110,1089
51,13,1089
92,13,1088
70,19,1086
56,9,1085
96,4,1084
11,80,1084
83,7,1083
52,9,1082
56,17,1081
89,12,1080
83,28,1080
89,4,1079
19,52,1079
56,50,1079
18,92,1078
18,89,1078
108,3,1077
104,4,1076
1,6,1073
85,17,1073
74,47,1072
87,6,1071
80,17,1070
68,40,1070
80,6,1070
10,65,1069
35,17,1069
81,17,1069
52,28,1069
14,20,1069
77,23,1067
53,25,1066
20,115,1064
55,74,1063
51,32,1062
15,58,1062
75,24,1060
36,4,1060
51,46,1060
79,6,1059
100,4,1059
56,41,1055
81,15,1055
8,8,1054
44,51,1054
91,13,1053
71,11,1049
70,15,1048
79,36,1047
86,6,1047
95,7,1046
19,95,1045
38,13,1045
84,19,1045
72,18,1043
85,6,1042
37,134,1041
15,90,1041
88,18,1040
26,225,1039
80,28,1038
23,81,1036
74,38,1035
91,3,1035
21,72,1035
39,66,1033
68,2,1032
38,16,1031
56,30,1030
93,11,1029
26,138,1029
75,36,1029
97,5,1027
37,74,1026
37,160,1026
37,40,1026
37,128,1026
84,11,1025
74,19,1024
102,5,1024
35,19,1024
44,6,1024
26,192,1023
26,30,1022
69,43,1021
56,80,1021
3,87,1021
44,5,1020
26,23,1018
77,35,1018
43,15,1017
37,152,1017
104,2,1015
74,33,1015
52,10,1014
26,182,1014
68,14,1012
79,10,1010
52,33,1009
69,8,1008
95,1,1007
90,1,1007
55,58,1005
37,180,1005
36,44,1003
43,79,1003
74,46,1002
79,5,1000
17,65,1000
86,9,1000
79,8,999
82,18,999
51,3,997
51,34,997
26,102,996
88,22,996
37,106,996
51,4,994
90,9,994
77,2,994
94,1,993
85,7,992
92,4,991
56,56,989
82,8,987
29,15,987
43,81,987
56,34,987
52,3,986
26,217,986
55,50,981
72,4,980
43,62,980
79,21,978
2,202,978
24,18,977
91,8,976
37,148,973
56,54,973
56,52,973
68,20,972
26,197,970
93,7,970
108,1,970
77,42,970
15,64,968
70,35,967
88,14,963
85,18,962
78,17,961
7,114,961
43,4,960
37,25,959
88,13,957
78,21,956
78,29,956
21,107,955
37,90,954
20,38,954
56,29,953
88,8,952
74,14,950
77,21,950
37,86,949
80,20,948
93,10,946
19,86,946
53,43,941
44,22,941
74,22,940
38,78,939
37,51,939
21,27,938
80,9,937
36,59,936
37,2,934
23,22,933
85,12,932
55,5,931
15,46,931
76,18,930
53,14,929
37,175,928
75,9,927
37,153,927
70,37,926
55,3,923
77,33,920
87,11,919
37,29,919
12,61,918
19,13,918
44,42,917
19,89,914
6,85,912
95,3,911
36,5,911
38,19,910
96,10,909
26,37,908
7,112,908
91,15,907
68,19,906
23,10,906
26,69,904
73,18,902
89,29,902
51,33,901
20,33,901
14,29,900
51,2,898
79,22,897
20,35,897
31,5,896
2,5,896
96,11,894
92,19,894
83,14,894
56,23,892
33,3,889
68,35,889
86,17,889
92,9,889
54,52,888
76,12,887
84,6,887
53,49,886
2,163,885
83,16,885
37,179,883
82,12,883
93,2,882
21,100,882
100,2,881
2,227,879
56,37,878
48,3,878
26,17,877
37,138,877
37,98,876
20,41,876
88,23,874
91,10,874
94,5,873
20,32,873
26,89,873
20,30,873
71,3,871
37,65,869
88,26,868
90,11,868
69,50,867
78,8,866
92,10,865
56,35,863
26,199,863
37,54,862
85,8,861
80,32,860
79,33,860
75,5,859
78,11,859
77,50,858
79,38,858
78,5,857
88,5,856
53,42,856
93,1,855
44,4,855
26,206,855
53,1,853
51,5,853
56,32,852
15,38,851
38,81,851
37,26,850
37,103,849
104,3,847
15,95,846
88,4,846
78,31,840
79,4,838
75,14,837
72,19,837
69,37,836
14,16,836
52,4,836
1,5,836
77,7,835
89,27,834
79,42,833
74,4,833
38,88,828
22,24,828
37,170,826
69,39,826
84,16,825
71,6,825
79,18,824
71,20,824
96,3,822
75,19,820
37,66,820
92,5,819
51,19,819
81,25,819
54,50,818
36,58,818
83,6,818
4,158,816
50,24,815
83,20,809
83,9,809
78,12,808
2,18,807
26,219,807
26,144,806
26,108,806
26,110,806
26,150,806
26,126,806
26,131,806
26,179,806
74,16,806
26,163,806
26,157,805
92,7,805
54,46,804
53,24,804
7,159,803
26,26,803
74,1,803
26,100,803
78,23,802
75,4,802
19,14,801
26,76,799
37,37,799
55,6,798
96,12,797
43,88,797
3,46,796
52,39,795
44,18,795
27,2,793
102,3,793
94,6,793
18,8,791
70,8,791
37,23,790
53,51,790
68,10,790
69,40,788
81,19,788
111,4,787
84,9,787
1,1,786
17,81,785
37,1,780
78,9,780
86,8,779
109,3,779
109,5,779
45,7,779
43,6,778
102,6,778
37,92,777
83,22,776
82,13,776
37,114,775
37,161,770
80,42,767
7,118,767
56,88,767
88,19,766
84,13,765
79,44,765
7,21,765
37,154,765
68,36,765
75,35,764
69,31,763
106,1,762
7,125,762
26,77,762
81,21,761
71,22,758
53,58,758
86,3,758
68,45,757
23,40,757
7,183,757
54,4,756
20,11,756
20,17,756
15,62,754
56,39,753
56,13,753
83,21,753
15,98,751
37,97,751
20,51,750
70,5,750
87,14,750
15,92,748
44,26,746
82,11,745
56,12,745
37,43,745
26,83,745
52,2,744
50,35,742
68,21,742
74,15,742
37,58,742
73,3,739
37,126,738
53,41,737
86,10,735
26,159,734
26,191,734
26,140,734
26,9,734
26,68,734
26,122,734
26,175,734
26,104,734
26,168,734
79,23,733
37,55,726
70,9,725
18,3,724
97,2,724
37,139,724
109,4,723
37,75,723
101,3,721
105,3,718
68,9,717
108,2,717
83,27,712
90,6,711
10,8,711
70,2,711
74,12,711
78,33,710
56,77,707
55,62,706
52,5,704
26,62,704
44,44,702
89,22,702
37,123,700
56,18,699
88,15,698
52,49,696
97,1,696
81,23,693
75,17,692
15,70,692
80,27,691
20,49,691
68,6,690
75,20,689
44,52,686
87,8,686
26,147,686
109,2,681
84,15,681
92,17,679
56,78,679
56,8,677
85,3,677
74,27,674
98,3,673
89,14,671
50,40,670
37,181,668
78,1,668
80,16,668
79,24,667
74,18,666
7,121,666
93,6,666
26,47,666
37,52,663
15,44,662
74,42,661
56,75,661
52,13,661
80,14,660
84,8,660
43,14,660
53,61,658
26,212,656
37,147,655
26,112,655
44,9,655
86,2,655
23,55,654
26,169,654
90,5,654
26,46,653
78,16,653
15,61,649
89,2,647
38,30,645
37,172,644
37,133,644
4,121,643
92,15,642
76,17,641
21,23,641
68,1,639
19,57,635
37,41,635
22,20,635
38,84,632
74,7,631
89,20,629
79,28,629
96,8,628
56,19,627
37,79,627
27,77,626
51,17,625
37,120,625
26,226,622
26,65,622
74,43,619
1,3,618
18,85,618
36,3,612
74,29,612
53,57,612
54,45,611
72,15,611
53,53,610
53,5,610
22,43,608
73,7,605
26,134,602
56,94,602
53,36,601
77,14,601
37,45,598
56,5,598
79,20,597
37,151,596
100,10,596
51,47,595
56,91,594
96,5,594
44,2,593
43,2,593
53,39,592
100,6,591
38,40,591
37,182,588
76,26,588
52,6,587
26,48,586
7,122,586
105,5,585
80,36,585
80,1,584
20,83,584
1,2,582
79,3,580
7,120,579
69,47,578
50,1,576
70,7,575
75,2,574
80,13,573
37,164,572
53,40,568
20,26,567
15,35,565
37,143,565
34,49,561
96,14,560
87,19,559
37,100,559
31,3,556
74,26,556
15,31,554
82,14,553
53,9,552
90,20,551
44,55,550
93,3,550
15,30,549
38,73,549
26,125,548
26,107,548
26,162,548
26,143,548
26,178,548
109,1,546
78,27,546
26,58,546
56,44,545
75,37,545
36,57,544
11,75,543
37,122,542
26,114,542
74,17,542
53,44,541
55,64,541
68,11,537
75,27,537
74,5,536
87,1,535
27,9,535
37,24,535
37,159,534
20,31,534
56,27,533
19,91,531
77,22,531
77,12,531
74,3,530
12,16,527
26,195,527
74,44,526
15,43,524
38,56,523
90,12,522
55,2,522
37,42,519
56,79,519
26,196,519
56,36,514
26,88,513
44,27,511
20,29,510
70,16,509
56,33,509
15,59,508
56,10,506
20,8,504
104,6,503
56,90,503
37,6,503
37,81,501
37,111,501
37,132,501
37,109,500
36,2,497
77,39,496
56,11,496
20,27,495
74,41,494
70,25,492
85,20,491
56,67,490
68,27,490
84,12,487
78,7,486
86,1,486
37,89,482
83,19,480
19,94,479
75,1,477
78,36,477
77,26,476
85,16,476
80,3,473
75,31,472
26,193,471
82,17,465
17,50,464
69,35,462
69,3,459
26,220,459
37,165,454
70,6,454
55,52,454
33,42,452
85,21,451
90,8,449
37,104,448
101,2,448
22,21,448
55,44,446
23,1,446
88,12,445
73,2,444
38,11,442
78,13,441
83,8,437
56,26,437
74,13,434
51,9,432
21,53,431
90,7,430
107,7,430
74,32,428
79,13,426
86,13,422
26,170,420
37,94,419
3,2,412
56,53,411
69,26,408
90,13,407
101,1,407
99,3,407
104,5,407
107,4,406
75,6,406
37,130,403
81,16,402
95,2,401
69,51,401
95,8,398
84,23,398
103,1,397
15,93,395
20,19,395
37,166,393
84,20,389
53,3,388
15,76,387
26,133,387
55,26,387
37,156,383
55,60,381
83,1,375
53,7,373
80,15,372
51,12,370
37,167,367
74,35,363
80,25,363
92,6,361
81,22,359
51,6,359
104,8,357
47,5,356
56,93,355
78,10,355
69,29,350
56,22,350
20,28,348
111,5,347
91,9,347
37,163,346
90,18,345
82,15,343
26,95,342
79,32,341
56,42,340
26,101,339
56,24,339
99,5,336
70,10,335
101,10,334
55,1,329
114,6,327
100,5,326
79,39,326
44,34,326
109,6,324
79,41,323
52,8,321
84,17,320
89,1,320
78,4,317
73,12,317
77,13,317
91,7,316
101,11,315
80,8,313
112,4,311
53,62,310
53,34,308
77,16,304
104,9,297
75,11,295
88,3,294
53,10,293
92,12,291
96,18,290
70,18,286
70,22,283
53,15,276
74,39,275
56,38,273
53,50,272
69,23,271
104,1,265
88,10,264
69,22,264
96,17,264
80,7,256
78,32,254
52,1,252
85,2,250
91,5,245
1,4,242
112,3,240
55,4,239
114,2,232
86,15,231
112,2,231
42,2,230
90,10,229
75,34,224
112,1,220
80,2,213
88,25,202
78,26,200
78,34,199
37,4,196
19,1,195
85,13,193
56,48,192
37,17,192
69,2,186
114,3,178
73,1,176
56,31,176
7,1,161
101,9,153
53,4,152
69,1,145
90,3,134
86,14,133
80,31,127
28,1,109
26,1,109
80,35,76
86,16,76
29,1,71
3,1,71
2,1,71
32,1,71
31,1,71
30,1,71
36,1,70
45,1,48
43,1,48
44,1,48
42,1,48
41,1,48
46,1,48
40,1,48
20,1,14
